name,id,latitude,longitude,zipcode,rating
Urban Pads,t7J5R1LVDmTUVnFAaT2smg,40.6750714,-73.952629,11216,4.0
21 Chelsea,U3sf7qA8-a7E671H-IBhag,40.741863,-73.994888,10011,4.5
250 East Houston,aprFpdAI6vMVacnp-m--KA,40.72217,-73.98535,10002,4.5
Avalon Bowery Place,zvyX_sztgZMjJX_rh3noCA,40.724469,-73.9909079,10003,4.0
The Ludlow,z7cQ1mulPeISuBbZztTt5g,40.722111,-73.987095,10002,4.0
The Greystone,wXFwdr8uTJkFBki9GhiTCw,40.79109,-73.97347,10024,3.5
Loftey,wiY9BLG7HvwNc5YdUnvHAw,40.75121,-73.98356,10018,4.5
Post Luminaria,Fqii3H_aQHw5h0IcWf_ldg,40.737291,-73.978547,10010,4.5
The Lanthian Apartments,PJo7uXAPf_EWKBWi1qytgA,40.7433809,-73.9742625,10016,4.5
MiMA,3eBAF4AqRN_byMoGk7ILxQ,40.75918,-73.99481,10036,4.0
AVA Fort Greene,Eb6jbYK9tmTzyDkmnKBHJg,40.69408,-73.98288,11201,4.0
24 Fifth Avenue,Vle5hEnVZHx0CFZxrcvePQ,40.7331,-73.99596,10011,5.0
The Dylan,ryyDLmof-e6YiLMVUpAlyg,40.7467824,-73.9854604,10016,4.0
The Courtney House,ZKceLb9C3n6m_Gp2ODOHSg,40.7368481,-73.9952869,10011,5.0
The Dakota,f41yIVlTxw5U8U24hTiWhQ,40.77652476376047,-73.97614214323143,10023,4.0
AVA DoBro,ElOd4TDxD0oo0xUSaISZug,40.69188,-73.98483,11201,4.0
The Brooklyner Apartments,r7xK0gImtUoylWHGqlodOw,40.69269,-73.98612,11201,4.0
Historic Front Street,nUkh7vJKHK18hiLSzoeGvg,40.7072487,-74.0022583,10038,5.0
Nooklyn,AYinJ1GL9_3B70JRYUIY4A,40.72122,-73.98795,10002,4.0
APT212,ja1WPvTvXKgXoGlWCEhxGQ,40.7255554199219,-73.9979934692383,10012,4.0
Astoria Apartments,lIvOXpYEtMA7vQqy-tMVLw,40.768221,-73.8748939,11105,4.0
95 Wall,-JD15ptnneY2KoH_lt9uvA,40.70493,-74.00749,10005,3.5
200 Water Street Apartments,dtopX6iixac_WCGlgee5ug,40.7073584540655,-74.0046235101227,10038,2.0
The Churchill,p1su_IbwKC423eLdRybYEw,40.7481314,-73.9731540914811,10016,5.0
The Tate,o-lzkGWtdFyxroB4XOeb2w,40.7483893,-74.00534,10011,5.0
The BLVD Collection,_XsX8A3pjPC4txDIGjlvnw,40.72252239055711,-74.03663120286969,07310,4.5
Prism at Park Avenue South Apartments,2yY6-sdWPCQWsMWCSBVPUQ,40.743618,-73.9851303,10016,4.0
Gotham West,qC_ZSD0zd5_4stj2d20CnA,40.76213734206317,-73.99708713376164,10036,4.0
City Wide Apartments,HGHfNMckUdTa_BUwLXNYmQ,40.754718514492446,-73.99200613156358,10018,4.5
146S4,HORUVFHXnPgIV9vo58uxVg,40.7115622,-73.9620808,11211,4.0
East Village Apartments By Sudha,tQ_OXV3vTrURoUkp5HLEPA,40.725643,-73.990441,10003,5.0
AKA Central Park,XBZI0dnAxY07fFIHT6_xog,40.7650501395815,-73.9767040259338,10019,3.5
Building Equity Management,FJ2mQ5PyE0dLL2D9IUq0ng,40.7479343,-73.9885689,10001,5.0
75 Wall Street,VXJDuQhUmCBErKYqIby24w,40.705152,-74.007988,10005,4.0
SharedEasy,QBstv447M2YRQ89wFYdLtw,40.795162,-73.963674,10025,3.5
Atlas New York,NM5zIT-skXifAK7DOM1CDw,40.75197,-73.9857,10018,4.5
Murray Hill Marquis,nMn1xDC1LijZv2Vl-GpCsA,40.7459,-73.97929,10016,4.5
3333 Broadway,tyezSyhH670pbE9OJ5emKA,40.81999160507477,-73.95643084493487,10031,1.5
77 Hudson,S5kzENnYax-MJzc_uSccfg,40.7145907626185,-74.0350029983096,07302,5.0
70 Pine,AH2N2y9cWHjQD1ToPUsn5Q,40.706537,-74.007687,10270,4.0
Urban American Management,I-rRELQSL52RCO9wQHZFtg,40.7462,-73.9934323,10001,2.0
Village Dwellings,KYP4CjM1mWAhU3b_UZGlNQ,40.73386,-74.00296,10014,5.0
Barclay Tower - Glenwood,OWRv-U-fK5mgkvDNfJEY5g,40.7123599,-74.00915,10007,4.5
424 Bedford,mc90DRm5C3nkTLlambekwQ,40.709458,-73.964337,11211,5.0
The Pinnacle,_f29TM3f-ewtZbgI4lAXEw,40.71898229871188,-73.83683047340179,11375,4.5
The Albert,ebQd3YIwmpCUMGG1IP8d2g,40.73269,-73.99345,10011,4.0
The Westport,5zqypgmaLHrxvlsCBqzOfA,40.76854,-73.98955,10019,5.0
388 Bridge,cem2B42uBpT5gQC6wMdA6A,40.6917147,-73.9854865,11201,5.0
The Edge,3kX5Qj0xTCduiWB5eVQACg,40.71944,-73.96224,11211,3.5
The Modern,6FFRwiNxBCBga1WIWjTc7g,40.85272853322854,-73.96675963458847,07024,4.0
Windsor at Liberty House,P0YwkKeVxNy17DEpvHK6Yw,40.713559,-74.038973,07302,4.5
City Tower,qAxwT6f5cyCGml8XdGUQ5Q,40.6911205,-73.9823872,11201,3.5
170 Amsterdam Apartments,K4U77Zpdl_70vOehUkKkXg,40.77593,-73.98382,10023,4.0
Orion Condos,56Nox1ZWt5vWqnPV-SRKgQ,40.7578699,-73.99227,10036,5.0
20 Exchange Place Apartments,UpmVl2x5TiEbB2BxI2419w,40.7056777,-74.0094714,10005,3.0
Noonan Towers,uDqLM3TPn11a6aS6wpf2OQ,40.83074,-73.9295999,10452,5.0
Tribeca Park Luxury Apartments,iAfm2NKR9tiojt3ETlNMFg,40.7179120214338,-74.0147960186005,10282,4.5
34 Berry,607JKPkvrmyGUqtSA-o59w,40.7213263,-73.9564168,11249,4.5
Avalon Willoughby Square,-F584l0BSs9RqFxoqG9jZQ,40.6918,-73.98449,11201,3.5
Chelsmore Apartments,jHfT1osBttkL7E-clNEiag,40.73964,-73.99986,10011,4.0
INSTRATA Gramercy Apartments,PpDTiO6JVE0CjdfJTrsiqg,40.7385802,-73.9836842,10010,3.5
The Vanguard Chelsea,TMgNXkMYwXD25PqQz33hbQ,40.74358,-73.9919199,10010,4.0
66 Rockwell Apartments,G6_TfG85i9PXxTPxYvxu7A,40.6881535803479,-73.9794034564635,11217,4.0
88 Leonard,PSMwrS9B11e3iN-xBZhhbg,40.7170753,-74.004833,10013,4.0
Beatrice Apartments,N8kPmjiU2y9iPPc69K2CgQ,40.74687,-73.99032,10001,4.0
325 Kent,Kz8qKqs07GjX38qor50FMg,40.7134336,-73.9671576,11249,3.0
London Terrace,31zi_WdmXMs935D7hMNjWA,40.747519479328055,-74.00204121990714,10011,3.5
Avalon Riverview,AoyWsc2YrAqmHmZuOg416w,40.74537,-73.95807,11109,3.5
Brick & Mortar,VXyAG_bASc7Rc7bMUENyVQ,40.7183971,-73.9583791,11249,4.5
21 West End,3FYwikQxiHQns754PUJNJQ,40.7730114530623,-73.9905463489936,10069,4.0
DVORA Art House,nJR6L4r0l3h9aGNCkq-e7g,40.72159821728407,-74.0398809,07302,4.0
One Hudson Yards,AV-Fa-EGg9ggHRxFCjjQtg,40.75255,-74.00273,10001,4.5
Herald Towers,TxyN6RbnJ4bFyK4Spv4Igg,40.74916,-73.98701,10001,3.0
One North Fourth,nQDr5Q3ibS7VtVGKfgLkMg,40.7194871556471,-73.9642385270975,11249,3.5
StuyTown,u0C5pOEqhu_5kROBAGPZNQ,40.7317630018491,-73.9819652840086,10009,2.5
600 Washington Apartments,_8Vgedeziqlt59PikBrosw,40.73081,-74.00925,10014,3.5
Metropolis,HnZs7PMk0NTKatU8zWHUew,40.75218847895862,-73.9741715,10017,4.5
Sky,Uda5SoL9qky-kYS58_DABg,40.761309,-73.99881,10036,2.5
TF Cornerstone,o4wd-76S93upBzfC6HV9rg,40.6884983,-73.9835728,11201,3.5
175 Kent Apartments,KOK38Ynjt2Snbjb5pp94QA,40.7179341,-73.9634425,11249,4.0
Avalon Brooklyn Bay,CSuRSQvwkupRGQm6t5QoMA,40.58583,-73.95375,11235,3.5
180 Water Street,i0W64254EJ2y3vjsQyrfPA,40.707,-74.00554,10038,2.5
The Nicole,_sHexHm7CJ20KKcD0QTCZw,40.766552,-73.9868622,10019,4.5
Sloane Chelsea,fuUfEC0C8wsZykWnRAaG7w,40.75301,-73.99582,10001,1.0
The Eugene,vV0Xcxrjj19-RL7ko2hznA,40.75212794387309,-73.99902145981278,10001,4.0
The Markle Evangeline Residence,xBdfMBzXPyoyOue2tZN8lA,40.73725,-73.99844,10011,3.0
267 Pacific,aknyujn6MomqX1FNpg45Ow,40.68829,-73.989883,11201,5.0
Newport Jersey City Apartments,lFjLrUVsVjuGv7kptTs6cA,40.7264084,-74.0341659,07310,3.0
Estuary Apartments,46jU0Runu_9Mi9YrykQ35Q,40.763041,-74.021857,07086,3.5
110 Horatio Street,yA9EkyPsMdBnii8UZHFkXg,40.738624,-74.009432,10014,5.0
Chrystie,oZqpca-AUU21oMhkuXZoSA,40.72346,-73.9919,10002,2.0
VIA 57 West,kcaGiw83NTTz0NY4URjqww,40.7714779,-73.9930129,10019,3.5
Luxury Apartments LIC,xIZgK4jUsWxu23SUWLXIfw,40.74962,-73.93963,11101,5.0
Lenox Terrace Leasing,C2wg0_l-Vm5-BBL92J8D0A,40.813264287393,-73.941183151065,10037,2.5
Kips Bay Court,FUS9ypYBsn2FmE_GzCYGXg,40.74074,-73.97832,10016,2.5
89 Murray,ncWUS9WGXmVKOtIDqe0ZLw,40.7150983898287,-74.0115666389465,10007,4.0
Northside Piers,bUPQgdoTRazp2IkO-bpeAw,40.7182094,-73.9625549,11211,4.0
Hub,lCrmt-s2oWDRwg4F-F-Zig,40.6874817,-73.9809402,11217,3.5
The Sagamore,toJG0ut-yBcKN5hTpDOW8g,40.7898844,-73.9732544,10024,4.0
Our Lady of Good Counsel SRO,ZJKqRaCHxPsa_V5MYLT36Q,40.687461,-73.92515,11221,1.0
The Addison,fkNAj0MtdV_ED8WA-KAoyQ,40.688756,-73.9851235,11201,2.0
DKLB BKLN,FRXjGljtApLBvgr6CIUNNw,40.68978206757332,-73.9800477,11201,3.0
AKA Sutton Place,b5ToVRsaNOIKgJJjqiDojA,40.75787,-73.96457,10022,4.0
EOS,fVdo0mBsSnwpRukKEd_bVA,40.7477325,-73.9898099,10001,2.5
Icon Rental Apartments,bcSm33Uxj0vS_yqKkkIPGA,40.76106,-73.987661,10036,4.0
461 Dean Apartments,PIIGEQtVkrcdIBFSzTOwXQ,40.681981,-73.975388,11217,4.0
Mandalay on the Hudson,bJFr7DkaYoUFGzynx4sOAQ,40.721647,-74.033125,07302,4.0
Watermark LIC,AxnDfngLgCjCGUvV0js_1w,40.746896,-73.9416307,11101,5.0
Frontier Luxury Apartments,yU2hcRqObEq_4E_xRdF9NQ,40.7486415238196,-73.9755398780107,10016,4.5
Harrison Urby,cljjjqrhA5KaCo1aM_o_kQ,40.74099,-74.15966,07029,4.0
The Apartment,dg3uXghJIXBZ2ib1T6Tbhg,40.7409057617188,-74.0067901611328,10014,3.5
The Colorado,l_k8-eI5WOv9cvd0QHeQ7w,40.7787210099561,-73.9535784202378,10028,4.0
Mantena Apartments,Ygv35KqSzh30GH8jFCvBcQ,40.756128,-73.996423,10018,3.5
Kings and Queens Apartments,3jTxai8oOnjcR1iDX3FMtQ,40.729032,-73.858493,11374,1.5
Chelsea Stratus Condo,Aszx2T1dRYGm3tuZC4M4oQ,40.74401,-73.9924,10011,5.0
TOWNSEND,RLN4OifDqOG6hgeTdBAjZw,40.75493,-73.99431,10018,4.0
Halo,sN9JnJDqHwTz0oXfkgt3xQ,40.7464762,-73.9406585,11101,2.0
The Nathaniel,smb4f7Hb1rZpRU3jMg0D5Q,40.7321287,-73.9886136,10003,2.0
NYC Brooklyn Apartment & Bed and Breakfast,PofkjY84o6-HZer7QOUsuw,40.687489,-73.9764947,11217,4.0
The Lexington,hXqcQmqSBHQY5H7B2h9nHw,40.7452803,-74.0351007,07030,5.0
Skygroup,kIDXvYZiTW4W5IJVt7RqvQ,40.7168007,-74.0035172,10013,5.0
West 54th Apartments,nOVcq5BQgCDzwmPQaCwKOA,40.7675688,-73.9901193,10019,3.5
Avalon Union,r9HMY3Aa1gpa1gzsgJsPxA,40.708313,-74.27837,07083,4.5
Big Apple Living,mHz_9IQNuTI9uxtLGFGDLQ,40.746903,-73.988146,10001,3.0
60 Water Street Apartments,5U5zCdgu2AFymbYSh-LBPQ,40.71424,-74.00642,11201,2.5
Parker Towers,rDfCU524ymSfyOeSOzJwpQ,40.72326,-73.84993,11375,4.0
LeFrak City,Fv0mLmsjV0U-7gRl_7tCoQ,40.735235,-73.86418,11368,2.0
REAL New York,IXsN3lo71vG5T1-vVcKwfQ,40.7204930965878,-73.9881610125304,10002,4.5
Modera Lofts,W2zIfB-TYIIzUnGlcjN4VQ,40.720073,-74.037837,07302,3.5
777 6th Avenue Apartments,gyUGNfrD8j8KVXEn1ptVSA,40.74525,-73.9915,10001,3.5
The Caroline,ZhqPFCi5ifllWIXFsXPuUw,40.74252,-73.9923,10010,3.5
Silver Towers,YtgeRRxVlxSzwu-zGUiXVA,40.760850649317,-73.999164141759,10036,3.5
Waterline Square Luxury Rentals,tnZFytj6s73oroL3NCybwg,40.77321,-73.9907,10069,4.5
Hayden,VaNvSTKT-Ngx_7AB3I8obQ,40.7476557,-73.9426293,11101,3.0
25 Jay Street,tVkV1bRFYdtL8wlPHEr2CA,40.7041884,-73.9864537,11201,2.0
Jackson Park,Lef5nz36oXgwEioEhpV7ag,40.7485123,-73.9380978,11101,2.0
Parc East Apartments,AvXnZhvGVQl6LOKJSY28Sw,40.7402116,-73.9795594,10016,2.5
House 39,_iYWqJcPPiEKKF--lKw3_g,40.748496111821176,-73.97467749530927,10016,2.0
The Solaire,Y3JziUJWQzxoBVd0ND4JHg,40.716602,-74.016106,10282,3.5
Alexander,qgG-YWCE4Gjvo4n43tYWNQ,40.73240317932954,-73.86302823148175,11374,3.5
Cooper & Cooper Real Estate,xRwyg-n2f9jim5r2naHrIw,40.7513773,-73.9924884,10119,5.0
Highline Residential,N2knmJMBcGTfdz8qkXLE4Q,40.75043609999999,-73.9841508,10018,3.5
MetroNest,gd_WpvTPjtKfVwz4nb2VwA,40.73014,-73.994141,10003,1.0
Two Trees Management,EO7nWKTDIdIeP3xSuawvIw,40.7028816,-73.9904334,11201,2.5
Wood Vitalize,-7ZbguxWLcwcVhj71bMsrQ,40.7748107910156,-73.9590072631836,10075,5.0
Avalon Clinton,bJ1QKBMDs4znmNPfSYdLXQ,40.7663868,-73.9915846,10019,4.5
Hudson View Gardens,BqKvVdlMdU-kg843lojh6w,40.85228,-73.93893,10033,5.0
OHM,24-I4FzC-wTefOVUslTgOg,40.753013554051904,-74.00373548618725,10001,3.5
Crescent Club,0HdWu04N-D4RDNthh9d_9g,40.7514791,-73.9395537,11101,3.0
The Eagle,65Yn90Bby_WDN9LyKlNx_Q,40.69326,-73.9819,11201,2.0
Chelsea Landmark,JResV8Tq3EwSaEKIWEgkJQ,40.74427987463565,-73.9912341048367,10010,3.0
AVA High Line,It4059Wi4YGF5LRfQbfIhA,40.751483,-74.002839,10001,3.5
Longacre House Apartments,61Ga60mRj2wGSFprKlM6tg,40.76254,-73.98644,10019,3.5
The Balton,WD6ngtQQ2BaCoVHAxcbsmA,40.8119639,-73.950885,10027,3.0
The Alabama,H2qrutnPjwTcefkYrSCVCw,40.73382,-73.9943,10003,2.5
RiverHouse 11,fQNVnFF383GCtrrTsNQDMQ,40.773838,-74.012282,07086,3.5
Sanctuary Guest Suites,sUrBXFYuHfAsUnGOLb2TEw,40.720008,-73.983032,10002,4.5
The Ashley,2fNOQeR3UlV0PUIYl4ikJA,40.77469,-73.99023,10069,3.5
View 34,8oSUQCRVHGmTGHN_uBhHGg,40.7438899599956,-73.9727316640505,10016,2.0
Home New York,2JpxGpTOCnu2jxls6gLm9Q,40.706496,-74.009113,10005,5.0
BKLYN AIR,-3FkGNadBdlXZrpy6CG7NQ,40.6951294,-73.9830704,11201,3.0
Bayside Bay Club,DXKFxXzCyFFJaVN_mxcuVA,40.77848,-73.7822599,11360,3.0
180 Montague Apartments,f7_rF6FeAkiwHyEiU0OshA,40.6939717,-73.9917525,11201,3.5
Instrata Brooklyn Heights,ofDSFr7nCiNIkFmi-XN86g,40.6938581409959,-73.9922976493835,11201,1.0
111 Worth Street Apartments,vireTADkp8boPQfl86cPyA,40.7158423215151,-74.0034777671099,10013,3.0
The Amberly Apartments,SMwRc4b-DPB3bnwL7z-3zw,40.6983158,-73.9861812,11201,3.5
Parkchester South Condominium,-4rv1VDw-7hMOtpkygdOaw,40.841425,-73.860152,10462,1.5
Zeckendorf Towers,-zdn6319EH_Ovw1j6JYmHQ,40.73405,-73.98892,10003,3.0
George Washington Apts,AmrwCCyFVWsRp8KP4kx1HQ,40.727073,-73.847434,11375,4.5
Leonard Pointe,Er8-BmVR7Cyio1rihqcnrw,40.71816,-73.9485,11211,5.0
New York by Gehry,jccU5Cmyb3LkVRMLg3kUkw,40.71073331248368,-74.0057855139505,10038,2.5
BKLYN  Gold,6ie2SiEzmtgC-ac5Dsm4LQ,40.69629,-73.98274,11201,2.5
2222 Jackson,5fDl1u5ddfVfdOpR9hY9Mw,40.744953,-73.946495,11101,5.0
AVE Union,j5d_4x-VMrR5wBjcPwpl9Q,40.6832838,-74.2374559,07083,3.5
Parkside Brooklyn,0OsJ_RW-J-mHrliCmUiyhg,40.6535993,-73.9643222,11226,2.5
NY Casa Group,FxRSB0vdBbgZH1lEtDIzIA,40.7023659,-73.9888,11201,4.5
The Capitol,p_Tcqa5OomEnv9XDMW9vNQ,40.7449785,-73.9910454,10001,3.5
Triplemint - New York,gG3ikXZb5W3D0xvw5z_ruQ,40.73892,-73.99257,10011,4.5
Tribeca House - 50 Murray,7R66OyjseU8y3LPKYyBoJw,40.713914,-74.009647,10007,3.0
420 Kent,Onh9M_3EOu6-ddy5Wrym4w,40.70993642079641,-73.96860741375369,11249,1.5
Mercer Arms,USIYdrCvwHfpAdqAo0-ESQ,40.71824,-74.04476,07302,5.0
Park + Garden,cC8yh8lByKftq8GHDLD-og,40.75445,-74.0282299,07030,4.5
One Carnegie Hill,mTO9R6TS-W_I7r9xOUHvcQ,40.7851883,-73.947418,10128,3.5
15 Park Row,yo8fhACnrRynCzXHJgDqlg,40.71134,-74.0079,10038,1.0
Parc Cameron Apartments,y3JHfOuVvoyGG5TIaV4mCA,40.7859464,-73.9741874,10024,4.0
Boulevard Gardens,-8URCOxEVqYc3vtCv0XABw,40.75992,-73.879757,11377,4.0
22 River Terrace,2JIJgLh85mwtIZkDh61Dqw,40.717487,-74.015813,10282,2.5
960 Willoughby Ave,m8_qCYMPB1BgJg0BW01faQ,40.697948,-73.930181,11221,4.5
Savoy Park Apartments,P_o_QMxb9vod7PqsxjPu8g,40.81659,-73.93733,10037,2.5
Kings & Queens Apartments,JtbArzvUhhK5phSZ2OFXQA,40.587506,-73.955865,11235,2.0
The Duchess,Pg6jksysH3jfSys3ZL40Ww,40.795299,-73.997641,07047,3.5
Lenox,bD08bjKnoAnjodrPjivSiQ,40.71478,-74.04184,07302,4.0
Nolita Group,oWFyt4mQsiHF3iNT-8wD0A,40.7208772,-73.9961678,10012,5.0
The Webster Apartments,2RKd-mzfBAaQ4QWbONbfhA,40.7538191,-73.9969614,10001,3.5
Melar,IIC6FP-RCa3RS6ZKSj1HDg,40.79282,-73.97368,10025,4.0
The Maximilian,Zf4yHMLTgP6Un5bP4RjQuw,40.74128,-73.95639,11101,4.0
Denizen Bshwk,6E3xrpTnlL5om3pkTRg99A,40.700488,-73.9337622,11206,2.0
The Archive,92lNn8sitqKezikVKf1osQ,40.7322566123729,-74.0079842550414,10014,1.5
The Adele,IXATyOnlUvBF_0QXT0EbVg,40.72024,-73.97895,10009,3.0
235 Grand,8drSOscKn0hin7NGu5_ExQ,40.715923,-74.04484,07302,5.0
Troy Towers,yGdCnNht1lPp1UpWwDEKKQ,40.761104,-74.02848,07087,5.0
Tower 28,U0HmaYOJyyjPog6M2MZXwg,40.74942110621478,-73.93967915926176,11101,2.5
Jersey City Urby,QucmvoiDPIGZ_4Fp2FrWzg,40.720188,-74.034312,07311,3.5
Roomrs,OzUhWOdjG3_YmzHfMO3FfQ,40.718217,-73.9585565,11249,4.0
Gateway,phIbNHfPv38UR--MbiDtBA,40.712019,-74.017261,10280,3.0
Staten Island Urby,zCDRygfCJuRuDmswq9wABw,40.628903,-74.074141,10304,3.5
Vantage Collection,c35EryVx_Qwv7zw1D6-H_Q,40.713728,-74.0446583,07302,4.0
21 West,r0KOs9Wt_IklQMzUL87PlQ,40.70643069822024,-74.01559218956662,10006,3.5
184 Kent Avenue Apartments,JNFHkPMOjcE8daNWS3s96A,40.71886507541004,-73.96439042892536,11211,2.5
ARO,uc_WtqdI6gmWeDeokpg1kg,40.7637179870178,-73.9839917798861,10019,2.5
Ten23 Apartments,tZzr_NhsqUJaooRE-byCDA,40.7475705,-74.0047154,10011,4.5
Nooklyn,O7WxV_VMXnE8--Fzk7mQiQ,40.722468,-73.949749,11222,4.5
Windsor Court,TNYbGnHmOmLhX33PW29xwQ,40.7443751,-73.9804654,10016,2.0
The Exo,SOzjNxhGAuAovuCZqsRNMA,40.7726018,-73.9259949,11102,3.0
QLIC,UY5m_0YewkWP3VZAdskBIg,40.7517642,-73.9408812,11101,2.5
W Residence,bEI6aKLRbE7R8rHjeVle8A,40.7091598510742,-74.0137100219727,10006,3.5
Instrata Park Slope,NeeWXy05WbMirWrHtp4dgg,40.679876,-73.9816554,11217,3.0
The Morgan at Provost Square,GxeynAp6Fcyv_n0rt57Smw,40.72023113428616,-74.040584,07302,2.5
303 East 83rd Apartments,tx2zalnoq48kjxregOHkVg,40.776092,-73.952668,10028,3.0
Liberty Plaza - Glenwood,si-JiMT5UwCugoDCT7Q6nw,40.707363,-74.008193,10005,3.5
Flatbush Rentals,DjotwhEU57DE3FmP5NuDWA,40.634834,-73.950256,11210,2.5
Duffield Apartments,7vIk-GoJocE3iN3c34RrqQ,40.6966382,-73.9842613,11201,4.0
Artisan Series,ao6PNBqkYilzoswS0r3qEw,40.7511392,-74.0346298,07030,5.0
The Chelsea Apartments,OgnAEF87Wr-JV5t8myyDcA,40.7444883,-73.9949465,10011,3.5
The Offerman House,spdCfjlINTDA0M0eFdpBYg,40.69112,-73.98451,11201,3.5
The Kestrel,2Y6tTrjkd-uxMtqv6oAqnw,40.6491976188815,-73.9741635074097,11218,3.0
Atelier Apartments,UaYF8Y9HvbYfKdDZg1mvmQ,40.71736172995749,-73.9537837,11211,4.0
116 John Street,F55QhXNqejDotcAWkIdOLw,40.707484,-74.005819,10038,2.0
The Epic,mMnW2jQPZRbno6SrGcrzMg,40.74851,-73.99039,10001,3.0
Common Living,SCYo5CyoZgARxSeq-LyyVw,40.7535575,-73.9781361,10017,3.0
Smith Hanten Properties,rECvJqXDh0hihgUnjTu0ZQ,40.6865968,-73.990866,11201,5.0
Parc Coliseum Apartments,l1pptOCNd6UXvwNEiTZyEQ,40.77841,-73.98352,10023,4.0
15 William NY,CRSroSi_ULyu9hgcOhFLiA,40.705264,-74.010347,10005,5.0
Hoyt & Horn,ghcZ3qMic2_lwHa-K1ekaQ,40.68921,-73.98563,11201,1.5
Dean C Hawthorne - Concord,ozF_F51ZducweE7DO3vdmw,40.6965425210609,-73.987147808075,11201,4.5
New York Living Solutions,zJSoKjBNryZWWG24LD23CA,40.70791,-74.0065,10038,4.5
Westminster City Living,rno2lYAwrk-8jLiZZYz3kQ,40.7288309,-73.9809198,10009,1.5
Level,XIAd3EQD9PQ8qUr3jububw,40.72086,-73.963308,11249,2.5
The Zenith at Liberty Harbor,D1Fpx43hak-390yGiyZqCQ,40.7151451,-74.0465469,07302,5.0
River Watch,I5Dutj8nP49nAzFO6OaV3Q,40.707302,-74.0177,10280,3.0
The Strathmore,uch_wrcRCAFBZAiUtFGx6Q,40.775355,-73.9501957,10028,3.0
Court House Apartments Leasing,VmHRcMXYPhnClAa9MtVfVQ,40.6896854192019,-73.992201089859,11201,4.0
Mariner's Landing,QGQm3UtfwafqJse8AAcmQg,40.822195,-73.9752894,07020,4.0
The Lively,g8JXwmd38zFSIWCPBJH7eQ,40.71921,-74.03882,07302,4.0
Parc 77 Apartments,DWHEoq4Lr8TuKSW7dDvcYg,40.7859464,-73.9741874,10024,3.5
15 Dunham Place,CkRMumvNLvlu0JwqjiMCfw,40.7109278440475,-73.9675140380859,11211,3.0
Wavecrest Gardens,y6483hbj67w61N4dPdJArA,40.595751,-73.755001,11691,3.0
The Chocolate Factory,eXiBPXHyQyPj78OKYPYQMg,40.69612,-73.96814,11205,1.0
101 Bedford,teRKTXCqa_zzwzmY86J5Jw,40.7202946,-73.9544731,11211,2.5
Bay One,rmo3MzaY6X2cmePUy2fZrA,40.6805658,-74.1044056,07002,5.0
Park Towers South,hEobY9bW66IDvhPGDgfrxw,40.7677573923668,-73.9833589844931,10019,3.0
Hoboken South Waterfront,3PHqcmkGoskZAmcgZKTZ8Q,40.74083,-74.02748,07030,5.0
AVE Clifton,QBivufnWaoow8gkFoWIDSQ,40.8363061,-74.1454969,07012,5.0
Beach Haven Apts #5 & #6,_TldMNkbLuiXf7IXaWObYg,40.5859932303429,-73.9725941419601,11223,3.0
Chelsea Tower,Sy-K1YGH6QdoE3Za9V7Euw,40.7448276132345,-73.9916069805622,10001,5.0
St Agnes Residence,Gat0BnEinyoa3XTcqbzx9w,40.7808723449707,-73.9823379516602,10023,1.0
Warren at York by Windsor,ad2Gmm-CsdTctDi6Glr-wA,40.71637,-74.03862,07302,5.0
10 Hanover Square,p9pt3n3Lu8jDEDFNWX5FqQ,40.70447,-74.00902,10005,3.0
The Corner,P30P3Z3HOXV7V5YA6sIy6A,40.7787999,-73.98251,10023,4.0
49 West Twelfth Tenants,xJgTPco3dyeirZh93m-YGA,40.7356910705566,-73.9964065551758,10011,5.0
Canal Rubber Supl,fHWuEF1fpV0Ii1lmiTobdw,40.7204,-74.00301,10013,4.5
Albert Apartment Corporation,fFyrj_DBGpmYxfQLju-00g,40.7327334,-73.9934979,10003,4.0
Broadway Kitchens & Baths,rUlOjXhIb-Ajnbj2EhTQTQ,40.7391561,-73.9883058,10010,3.0
Union Square Apartments,b_9xi6zjFqwqEyyg8AN-oA,40.7331366,-73.9863198,10003,3.5
NYC Short Lease,o68NbfDMm5J8vsa3J3J6xQ,40.7508732,-73.9839671,10018,3.5
Moda Upgraded Living,oKJmQ0gaiCGNDGxqUQ9wQg,40.70539113735201,-73.80244491374262,11432,2.5
Vanderbilt Condominium,h8lo9raLvOJfS2W4nPA7dg,40.7494156,-73.9736532,10017,4.5
Osprey Cove Apartments,2LQIt35dnE7kyheMwI--cw,40.794846,-74.070125,07094,5.0
Showcase Realty NYC,H5Wp51GqOdS3Y6BB-A_Yow,40.7177865,-73.8352437,11375,5.0
The Monterey,r1uEtWC4QjS9SCUIcuHcXQ,40.78557,-73.94975,10128,3.0
300 East 39th Apartments,EhK-W2NEW-9Antr_U6GJrQ,40.7476,-73.97324,10016,4.0
The Westminster,LoO0kvj4yUQqsNqWDziFag,40.741767,-73.996841,10011,5.0
295J,_sjNcOD8zfmIiq3-VBXebA,40.711806,-74.0562619,07304,4.5
One Columbus Place,AJ9uURqpsdckuyp9wrGTDg,40.7691749,-73.9855688,10019,2.5
The Gotham Apartments,X9e6bjFeroXM23Zqx8vA7g,40.7167172,-74.0395414,07302,4.0
Caroline Sinno Photography,vbEaav2wy21AQRgCMpp1Cg,40.7076158,-74.005871,10038,5.0
Manhattan Park,_Q9vm2_wOgCEuEoPtloCSg,40.7651882618666,-73.9474289864302,10044,2.5
30 Lincoln Plaza,7Rmgi4N8Irg-lCkvnJr1AA,40.7704996,-73.9815465,10023,3.0
Quinn,gjpF62XcwKg-ajmaCdPj7A,40.71410680560648,-74.04135123638056,07302,5.0
The Helena,D6hfu6hlTJY4nIS4Jc_Dhg,40.770774,-73.991683,10019,3.0
Greenwich Club Residences,2lrGonuqD4KrMedi3Ev47Q,40.7078238576651,-74.0137110650539,10006,4.5
Harrison Station Apartments,_C7pipjQrGYJ4n6pZL2mLg,40.740364,-74.157386,07029,2.5
333 Grand,lRfjKtgiFy6wbhj0Q12Yyw,40.71641,-74.04882,07302,4.5
90W,eMLm4CNH5HEx4f3a9VZkOQ,40.7080231259925,-74.0147531032562,10006,1.5
Renaissance,alINd3AAGHQVmC37oeYI8g,40.707818487645504,-74.00657433157647,10038,1.5
Tribeca Pointe,J9lqj2sz7bK1SWLHkmgaRg,40.7178802,-74.0157471,10282,1.5
Crystal Point,UIsmsoLRgv05lXuBobRKtw,40.721416540482,-74.0320257141168,07302,4.0
Cityspire Condo,e000iVOp82TW_R9bnv17aA,40.7642846,-73.9796854,10019,4.5
Moda Realty,BJKX-PSnwb4Zb5ilQN47yQ,40.8874608,-73.9075489,10463,4.5
The Grand Tier Luxury Apartments - Glenwood,W0aWvRD3gdbv_bUVw6K9-w,40.772434,-73.981697,10023,4.0
Innovation Shades,uajm10BNB41ZXan8mf-HxQ,40.7221818,-74.0079635,10013,5.0
The Parkline,eMM_4DgAItHdNq8j-Dp3cQ,40.657971262338,-73.9611196296298,11225,2.5
Parkhill City,8q_AnZJ4v53IoQ8XXKX2Gg,40.705129,-73.8054458,11432,2.5
568 Union Ave,ZFAly7KAt6edQRpwI1oH_g,40.71778,-73.95181,11211,5.0
Furnished Apartments,QeiJh2u67mqkbch9XFJSFg,40.762738,-73.961035,10065,3.0
Vermella Harrison,fpzpc8iD8JgSeJsoZHiBuQ,40.7351742,-74.1551931,07029,3.5
Donald Lai - The Corcoran Group,kbVBarISlE1Hwz8W2Xu36Q,40.7156859,-73.9600051,11211,5.0
DVORA Hamilton House,Xfwxwk0nJ3AtYc8kYqhJOA,40.72929,-74.05065,07302,4.0
Halletts Point,k7f_hByzsTIFqBVaApBwmQ,40.7737968,-73.9367056,11102,1.5
Helmsley Medical Tower,DSD9GcdK8rV94cEHzRTCCw,40.76565416853088,-73.95430224110446,10021,3.5
The Visionaire,vxNi_mu1n0seWrhCha64bw,40.7070148402416,-74.0169041066752,10004,5.0
The Victory,sU6Qn1Us5khHpfCx4KrT2w,40.75923137727909,-73.99606561442789,10036,3.5
Brown Harris Stevens - Cobble Hill,b_Omx_I-AEqDU3-cbLJL2Q,40.6888454909148,-73.9931443138306,11201,2.5
66 Pearl,N9hPhrv61RzpfOjQELCnwg,40.703267,-74.010415,10004,3.5
The Thread,T924OjLho4Uv7fpjJHJMUQ,40.7706,-74.02569,07087,5.0
Manocherian Bros,vd5gAz5UDHheg8WaRkvbTw,40.76103,-73.96765,10155,2.5
be@schermerhorn,t_u3pGI0nc_iPP55JymahQ,40.68953,-73.98647,11201,3.5
The Ashland,32AnpasJ73cct3n6j5E6lw,40.6876261,-73.9784665,11217,3.5
Mercedes House,QZivJ_neDpqtCmDGsu9TVg,40.7677253,-73.9915642,10019,2.5
North Park Apts,hWgRtBKEeWhYGfK76BLkjQ,40.795597076416,-73.9630889892578,10025,5.0
Zen Space Makers,cmsa8WcoDKaXlIdmiDaR9A,40.656675050291696,-74.00719069162439,11232,4.0
1125 Jefferson,HmgbxOCcjqGvT6aX-k8-qQ,40.7518699,-74.03393,07030,5.0
46th and Lexington,lG9FM31F441zholUYbw8Mg,40.75277,-73.97491,10017,5.0
Carpet Time,0P6LFJD0IjaEQ_jQfhg2Kw,40.7535988,-73.9072326,11377,5.0
Fordham Terrace,l1nyuSTvnu7bSD7_fTHObQ,40.864,-73.90685,10468,3.5
1 QPS by Stonehenge,G80oZZ03M6JEESuWy4_Ygg,40.750597,-73.942264,11101,3.0
Casino Home Inspections,JMso_-0TyF3EIhm8i1X_nQ,40.7821,-73.80042,11357,5.0
NY Living Solutions,rWKC5y0AqHDKMQdMySiwDA,40.7242258,-74.0032987,10038,5.0
Journal Squared,7PY5RkvJvtkRfmLOjbs0fQ,40.73264749374902,-74.06112751140418,07306,2.0
Avalon Cove,GoP-XnPp8mEtmq3n9ZRBTA,40.72296,-74.03499,07310,2.0
740 Park Avenue,XVCg7lB_FlwztDtS3S60lw,40.7708428856678,-73.9649451524019,10021,4.5
The Grand,34k4afItX1TY8ocLEMRDEw,40.84568,-73.90962,10457,2.5
The Grove,l5bbc1jZOjWz1RJKw3krKg,40.74212,-73.99895,10011,2.5
535 W 43rd Street Apartments,95A3Vk4lncSYqttxUmUy2Q,40.7611585,-73.9966607,10036,1.5
Upper East Side Apartments,W-XAfDZRuOitMCRfBB0hUA,40.7604408,-73.9710388,10022,5.0
Devonshire House,IswCLjy9S8vICpSPdkGIaw,40.7324,-73.99363,10003,3.0
Chinese Movers,O7VBTQQ27AUPVTSBPVNsJQ,40.611235,-74.002486,11214,4.5
Stonehenge NYC,IWRL_Wg9uRJSjBoqty8fCA,40.76295,-73.98329,10019,3.5
MySpace NYC,t2e6ctpT4GQ7P4rpQ18LoA,40.6739591,-73.9570342,11238,3.0
The Delmar,90vw9EzM7PsqRTiYWmfltA,40.750618,-73.93792,11101,5.0
East River Place Park,_pTI0mOwZPbHIUK15Nr4Kg,40.766512,-73.951335,10021,5.0
The Mayfair - 145 Fourth Avenue,PSPj4lvd1HfIjSTFjB3ReA,40.73371,-73.98968,10003,2.0
The Marlowe - Glenwood,QClLGtS8SiR-v1v37Mwvbg,40.77627,-73.95765,10028,5.0
Hamilton Square,fcuC7-lR699wDy1I3jVhBA,40.72778,-74.04349,07302,5.0
Kips Bay Towers,fL3JwaOz0DYhpdwlRo2ajA,40.7432283,-73.9757944,10016,5.0
EHS St. George Towers Residence,MdRmPxiH3HNnAuaRCZZirg,40.6977,-73.99357,11201,3.5
The Doric Apartments,NVRRIkUnTCzE1Y-kckWHIw,40.7521286,-74.0377579,07087,4.0
Avalon North Bergen,aBCm1-OtcLBKwBWmytTV3A,40.789542238521506,-74.02405026441993,07047,4.0
Hudson Crossing Apartments,baSpB6GIy4RP04yvzu3KeA,40.755322,-73.9932872,10018,3.5
70 Greene Apartments,OUAPrw2YkXhJvxdRpNyswQ,40.71474758573569,-74.0358284021428,07302,2.5
Liberty Realty,Af-whaKpvj5GTZadWL0jww,40.7408576,-74.0283263,07030,4.0
Riverton Square,q0qVdPWpBdwIF2gtOJgATg,40.813825,-73.935585,10037,2.5
Yoreevo,b0xd-9FAho_iSZSQT0OMnw,40.7383,-73.99946,10011,5.0
The Lucerne - Glenwood,c0ahNIRticMKSbYSqLo0xw,40.77228,-73.95331,10075,4.0
The Landings at Port Imperial Apartments,eHfqFJHlFpgwUBlqIIlT4g,40.784205,-74.0027412,07093,4.0
EHS New Yorker Residence,_RUKDtEYJqTyC3kuuWUGxA,40.7527038,-73.9934785,10001,3.0
Crystal Glass & Mirror,w2gYchfPiqc1lb__ju2G4Q,40.68151,-73.9836,11217,5.0
Waterside Plaza,O35ovoobVhFl8GBRgNeDhg,40.738007,-73.973694,10010,2.5
The Pierre Apartments,bRTsJFWsFur4sDa4iEMsCQ,40.88936,-74.05578,07601,4.5
Fast Tech Pros,4J8ld4wlvuHDQPuNLybLnw,40.7117711606293,-74.0066720134277,11205,5.0
Theater House,NgvZn5ub7JKo0GvPcgyrHQ,40.745272,-73.976278,10016,4.0
C+C Apartment Management,I0XCVv-fEr18AwgS7dUU-g,40.80213,-73.94086,10035,2.0
Elika Real Estate,chiCaEE2yJW9hI-10Qs4GA,40.7283298,-73.9921394,10013,4.5
The Capstone,e3YBzyXOlZZhlNpWI7o38w,40.782505757294864,-74.0058408861355,07093,4.0
Hylan Dartmouth Staten Island Apartments,_GSZpYfD59vfymM7yhlR3Q,40.605018,-74.075592,10305,2.5
Shorecrest Towers,Q0tAd_jugi-LnHyJ4vRW_g,40.577538,-73.968757,11235,1.5
VYV,BOux5W19Z4v3aZVrgCztUQ,40.7241114010312,-74.0376819300394,07302,2.0
Nooklyn,6DcIaKiBgBQRotGdGjK5dQ,40.6726966070093,-73.9571541476357,11238,4.5
Avalon West Chelsea,FG5hRQPw1riv5AhQhxT5Cw,40.752172,-74.0041059,10001,3.5
The Beacon,pl5oj67rGj9aEZ13WCXsTA,40.72195489568489,-74.06463456106769,07304,4.0
The Drake,OO80RuiZYm2m2uujWWQ0ew,40.73293,-73.8579199,11374,1.5
The Braswell Team at Compass,Sw5SWsfe-U2AOSMnfMN1hQ,40.7410202026367,-73.9995574951172,10011,5.0
NYCMedHousing,DiJp-jnCrsLX5lqsK08-4Q,40.6897476,-73.9823681,11201,5.0
Avenue Design Group,ghk-tKn15WUN5FBRRDnl5w,40.7413163,-73.9783844,10016,5.0
15 Central Park West,ZC5ij52-JJJHLPlw5rT9ag,40.76973,-73.98088,10023,5.0
TF Cornerstone,PcwQek0BVFsyLdBet13uAw,40.7459599,-73.9575,11109,2.0
OpusArts Painting & Design,rmNsCzTOvVHOH8L2sIAy1Q,40.6327681,-74.0085738,11220,5.0
GoGo Furniture,JtF1ojaRWcBU78WKQ1LI1A,40.68965,-73.9825,11201,1.5
The Ritz Plaza,wTxF75jYvbI_mY8A1kdBmA,40.76079,-73.98606,10036,3.5
The Arthur,SuAEcuBtJLUJ8tFa5WpnTQ,40.7463417,-73.9963989,10001,1.0
Hudson Tea Building,extWli8m02wxqcG3V6XKOw,40.754933,-74.025627,07030,4.0
Janovic Paint and Decorating Center,upGzx7KmGZetOY51nEi1Lg,40.723954,-74.0034437,10012,5.0
Hudson Harbour Condominiums,GauW6Ck13y1zJZPyF7NKeA,40.835195,-73.969935,07020,4.0
AKA Times Square,oGrqpNobnUiujtUM3DYGIQ,40.7568092346191,-73.9841613769531,10036,4.0
VINE Apartments,VGFfixre8apoJbTuSY91GA,40.749232,-74.03767,07030,4.0
The Lyric,VPyTATKlTBs--74GpitlmA,40.7936568,-73.9730942,10025,2.0
25 Broad at the Exchange,KW9AXYzKVsijvs7QiH9ZVQ,40.70606,-74.01114,10004,3.5
The Sierra,hcRhTR25b7mUUw1GPtmxRw,40.738567,-73.997812,10011,2.0
NYC Floor Pro,fivdRCYu2RUV-Dr-Q1uHhw,40.75013,-73.97058,10017,5.0
Hahne & Co,gQo_473Kf4AYKDyo39CoAA,40.740733,-74.1711359,07102,4.0
Equity Residential,TF8-vo3o3M0e1qTV_46tKg,40.73081,-74.00925,10014,1.5
The Silverstein Collection,KDE_U188W7jBOO0HW5aEOw,40.7244733,-73.8512455,11375,4.5
The Nevins Condominiums,Vt0VJC13pXbBgQD7udgVqA,40.6874383985996,-73.9820120483637,11217,4.0
221 Bergen,5kb_snc_Btd8q4AyU07HAg,40.743017847,-74.1596108439767,07029,4.0
30 Park Ave,TWwbQVsYbchYoe_-DOdLYw,40.7483215,-73.9809875,10016,3.5
Spaces Fort Greene,zDNP-krqIsqZ358Yi-Wdrw,40.68757,-73.97961,11217,4.5
Gramercy House,7qGelIopJskH3MLtEgf9hQ,40.737377166748,-73.9860916137695,10003,5.0
River Place,ptBiGKOX23a6ZMsk79GQ4Q,40.761431,-74.0001225,10036,3.5
7W21,9CWXUHtQejBTPn0yRets9w,40.74094,-73.99114,10010,3.0
Crosstown Management,yeijVUkpMkb5PIDXi0IV5w,40.72923,-73.85857,11374,5.0
Manhattan Apartments,SxRPDaZoiz6oi8jAJ429PA,40.7787895,-73.9785767,10023,5.0
Rivercross,zBYQWQ6P2qjxz_FX7SBUhA,40.7615399,-73.95034,10044,5.0
truffles,f6FBRPnsy1CxzTmefn-q1A,40.7238,-74.01089,10013,3.0
The Atelier Condo,k_gU692NBEKsHw20aqy5JA,40.7615713941489,-73.9993920120651,10036,2.5
100 Maiden Lane Apartments,vco1AKLBngmCagubwwFMew,40.706718,-74.007217,10038,3.0
WGD,_xJL04ftjFNM18693XfBtg,40.69347,-73.99052,11211,5.0
NY City Blinds,YDav8e_xCeKRGSgyzc1Isw,40.77080988303325,-73.95140309550422,10075,4.0
Normandie Court,3-Dk11GbiZq42ApaCAokQQ,40.7845051,-73.948407,10128,2.0
515 Ovington Ave,ENnfOLkalwwar_vagEoMkA,40.6326103,-74.0206375,11209,1.0
Dermot,W040SFsm6ofzHGBnla8EgQ,40.76021,-73.9837,10019,1.5
Novo417,FXMaNZriCVI-aNILmKFvSQ,40.72338,-73.99264,10022,1.0
Rutherford Station Apartments,ilVbXmX_SiQ_BE5dTlIqRg,40.830183,-74.100644,07073,4.0
Homepolish,QfbBeHzj769Co3xPqIqXVw,40.7431813,-73.9908424,10010,4.0
Plaza 400,qKotOxrLpL6adHwh-WAz2A,40.7571,-73.96312,10022,4.0
Frank Galeano Real Estate,V4FJlkw-yuwZtzJAhqEkgQ,40.68438,-74.00333,11231,4.5
163 Washington Ave Apartments,-oCaMxgqPK3UuAh8hd38nQ,40.693924,-73.966472,11205,1.5
33 Gold Street,egD8GKviOiRSW3bLD7af2A,40.70884,-74.0058899,10038,2.0
63 Wall Street Apartments,fBEcYN0Md6bCPh4oHK_lHQ,40.70579,-74.00859,10005,2.5
The Oosten,Gp5G356jY3XwBQYQleguxQ,40.7096138,-73.9683838,11249,3.0
Brown Harris Stevens - Brooklyn Heights,n3adGF9VZiPrCnkkKl4HZw,40.69495,-73.994033,11201,3.0
The Bristol - Glenwood,Q1OJ3CbtGvnIMPt8ZC_27w,40.75822,-73.96519,10022,3.0
323 PINE,St3k_kX4MU-vtr3vRyAZgA,40.71372,-74.05705,07304,5.0
Grand Adams Apartments,Hxf2X5ChNqmfbePQbeQJ6A,40.741114,-74.035802,07030,2.5
The Corinthian Apartments,TOdnDfv25IyHJLmwSJR95Q,40.746215,-73.9724369,10016,3.5
111 Kent,4c0TkEsGMGCMeV1i2w6qew,40.72037,-73.9615,11249,2.0
Symphony House,MgKMBi3cz4uA2kl6uaxzZw,40.7659759521484,-73.982551574707,10019,3.0
Silk Bldg Condo,8p8nUbbcTwiox1UAgoBKiA,40.72807,-73.9937999,10012,4.0
LaMatto Properties,iXJ-xoqHckElrB8USkUjSA,40.717199,-73.944585,11211,5.0
"MCKB, Manhattan Center for Kitchen and Bath",TzLYK8onmatghphdhPOnvw,40.7439994138234,-73.9911245767212,10010,3.5
Flushing Commons,RYIt-WpUKQukRUJ247rzDw,40.7604456744499,-73.8295700806307,11354,4.0
New York Tower,aETPJh69h324jjnKGYUA1A,40.747184,-73.97245,10016,2.5
Tudor Realty Services,1_47gIdCSaklnTFq5MZcvw,40.7381061,-73.9880919,10003,1.0
90 West Street,h1rtSs9bRGsinjNSm1527Q,40.7044963589011,-74.0138066455078,10006,1.5
The Oakman,4q-eNjz4POs23PWTC9R4DQ,40.7215749874101,-74.0405031478851,07302,3.5
Furnished Habitat,wv-JH5cPTKlOm4q0vliDIg,40.7480199,-73.98466,10016,5.0
Harbor Landing at Garvies Point,95L2yFUbK2EYO4X2Gbw7ng,40.8629000000276,-73.6366000000966,11542,3.5
Dixon Mills,RClT4Z1EnMiUG2H0mKznEA,40.72061,-74.04871,07302,3.5
One Third Ave,rWe4FXftaWDNmAIJphDm4Q,40.738874450326,-73.6404736340046,11501,4.0
Residence Hall,LViMlTlzEtxVkP7fKCYBMg,40.6358854,-73.9519599,11210,1.5
TLF Realty Group,Yn77OLT7EfmEO6p1EzfoXA,40.86897,-73.91706,10034,3.5
Management Co Babad,nSoCJqye-xfS4_MDkyd2DQ,40.73277,-74.0088899,10014,1.0
Monterey at Lex,8DCpXRmNsJU-_xHDoe_vuQ,40.7863802,-73.9503972,10029,5.0
Columbus Square,8jDP2w5eGadoUmp9zuToIw,40.793919,-73.967321,10025,3.5
Welcome Home Real Estate,B7TNQcZDH4dh-sCZhEeW4A,40.74684,-73.91745,11104,4.0
Organized by A,zXQNcPK98o8qy-WTwXIbFQ,40.76387,-73.98619,10019,5.0
Summit NYC,KMg2gAFtSs_w85fhlQEvHw,40.75149,-73.97235,10017,2.0
The Wellesley,ZgmGl9C8sj59fCkEtXQHtg,40.7695353,-73.9604575,10021,4.0
Leon Cato Photography,D12GGez6RZccaDbTcTkBMw,40.7388038635254,-73.8783798217773,11373,5.0
Slate NYC,ktH1OaCV4TF7exqWdcd2Mw,40.737660063540275,-73.98861819999999,10003,3.0
Grove Pointe,elR4ABeyfhTYvBxGVmiV1g,40.719832,-74.042177,07302,2.5
Riviera Electric,oaTJLHaf1VaNme0ua7XF2A,40.64624,-74.00595,11220,5.0
Rennit NYC,UNeDul3QhTZBSfKchqsYKA,40.697911,-73.93638,11206,4.5
The Andover Luxury Apartments - Glenwood,jtmx2Ic2VpF_aiAcXLf3Dw,40.77767,-73.94626,10128,3.5
Artistic Stone,HOCvCHdWBTGRGJyYIZKMoQ,40.6998084,-74.2325595,07205,4.5
Ocean Luxury Apartments,y5RP4qLPQm-W5CqXFykMOg,40.7050343602896,-74.0173353999853,10004,1.5
BRG Talbot,OW9AWJDQ4gGCBOMu-Iyi_g,40.709782,-73.828272,11415,5.0
AKA United Nations,7ir_mQ4z_KUfLbjINctexg,40.75257,-73.9714,10017,4.0
The Villas,OZgXlS-grwtJEq2XFKxwyQ,40.710935,-74.298061,07081,4.0
80 Meserole Street,LNL8Wc9mDeqnXusHOtYL_Q,40.7077213,-73.9468512,11206,1.5
Horizon Realty,AFFeQzMhv4QS9F54yN5dkg,40.757969,-73.917139,11103,1.0
Lumen Home Designs,CDys3g9_vgdEZRTHBT1c2g,40.760827,-73.986223,10036,5.0
The Milan Apartments,B77IdqofelZbKz9QNgpM5Q,40.742984,-73.993721,10011,1.0
555 Ten,HU9Uiq01M8AtfPlmlmVmqQ,40.758759,-73.996271,10018,2.0
Van Dyke Houses,zgbC-TDshwTyVyu5Fbd2wg,40.6631355285645,-73.9049072265625,11212,2.5
Oxford Property Group,1zUTlXfHDY_e7v1k_DaaHg,40.750899,-73.983983,10018,4.0
Locksmith Brooklyn-4-U,WAAaGuFn_bhGYD1Qyry1EA,40.714091,-73.960087,11211,2.0
Mirador Real Estate,umxZyIyfbJE73R5N2MfErA,40.734065,-73.9937052,10003,4.5
Harbor 1500,imLnQdgulN0SdMEBcqcPcQ,40.76103885678825,-74.02094026483866,07086,3.0
Wall Empire,mBWn2-o6Pmjmxjby_PJdkw,40.7459698,-73.9869095,10001,4.0
The Harper at Harmon Meadow,AQrKBjnJQAorkT2G-qlHFw,40.789303,-74.040685,07094,2.5
American Copper Buildings,o01paOksXf9eDxEoTLL4Iw,40.74446,-73.97194,10016,3.0
The Octagon,5q8k7rizrzggcqA6N44ogQ,40.76895551741983,-73.94371211528778,10044,2.5
150 Clermont Ave,AgZH7Lqf0pHLrmXIpFFfDQ,40.6935878791803,-73.9711795870141,11205,1.0
The Tempo Apartments,puz0knavPyblKAqNA5-OFg,40.779676,-73.982653,10023,5.0
RiversEdge at Port Imperial,aTbKrC1UR9LuMnLsvCyWnw,40.772506,-74.013229,07086,2.5
3rd Space,MxSi9Siv0up4y5jVWAr6Ug,40.7308,-74.16695,07105,5.0
Grymes Hills Apts,SwgLWAjtb7ZgZVVyeyL5iw,40.6197295,-74.091566,10301,3.5
Tahar Décor,Wvfhr-LpZk7UmWm1FXEJPw,40.7715759277344,-73.9264831542969,11102,5.0
200W60,TvUiNy0S6n98BGEXAcOXDA,40.7710018,-73.987724,10023,3.0
Gypsy Housing,Vp_0nTO_Q5klxSAg9smC_g,40.701351,-73.918923,11237,3.5
31 Ocean Parkway,OBX_CfxloTzoyqPaRrcr0Q,40.649787,-73.974121,11218,2.0
One Madison Park,JQ_bUKc2rYX2h3XTxVYLkg,40.7405090332031,-73.9881057739258,10010,5.0
Linden Plaza Apartment,nKAIsT6sBBWIGMMwFpQV1g,40.672799,-73.866115,11208,3.5
Brooklyn Equities 11,ZyXyowvwMWDEAcGafREePw,40.6950954347849,-73.990892842412,11201,1.0
K&R Realty Management,I_0djwlONzuhDCq4HnQnJA,40.80596,-73.95558,10026,2.5
Ground Up Home Inspections,d6hNAcJpRVQ4tO0L9uvIKw,40.78725,-73.81181,11357,5.0
East Gate Apartments of Nutley,0tEz5XjJbq5993pAlDcTjg,40.807269,-74.142578,07110,5.0
The Wyoming - WAM Partners,1EU79qzoxq3Y8HRymPAgyw,40.763847,-73.980759,10019,3.5
R.E.M. Residential,iNVZEp6EY1A-h3GgpfZXqg,40.7509099999999,-73.985109,10018,4.5
Related Companies,EIXcBl4MYli8vAe-EkUVZg,40.753553,-74.002607,10001,3.0
Avalon Morningside Park,a8Sj9JvZoyn6sUpOZ1w3-Q,40.80233,-73.96171,10025,4.0
20 Pine Street,t-Z5aB5_W8CfZh6M3krJQg,40.70758,-74.00987,10005,3.5
333 River Street Apts,hUuOnXY_89qkLbqpJCl8Jg,40.74083,-74.02748,07030,2.0
Steel Works Apartments,u5PVawBxeMrubFZ1wLqB8w,40.735729,-74.154635,07029,4.0
475 Clermont,fDq266GUgXTbaYe3rjILAA,40.6838500827595,-73.9689544946786,11238,3.5
Skyline Apartments NYC,ToX-NqifxsFLqN_zlN8lqg,40.74591,-73.97854,10016,5.0
Harbor Pointe,869MWpr8CRk86oFqETEvGA,40.67091999744051,-74.09843613265228,07002,3.0
Modern Spaces-Astoria,SNFFgEAHp6grALkoPt2VVA,40.7655153,-73.9184711,11103,4.0
Beaudoin Realty,PDFH7cuRe4oxsvdFAIgNfw,40.7495726,-73.8873768,11372,4.0
Lindsay Park Housing Corporation,MDn-EILPX_TAEoxqAWGN3g,40.706365,-73.9501727,11211,3.5
Northridge Coop Section 2,vbWplXDOtZNcbwHkLIi5fw,40.7578709,-73.8780286,11369,4.0
Seward Park Cooperative,NCCxP6osFYS82NkZCl-woA,40.7152844069904,-73.9864156948471,10002,4.0
Joanna Mayfield Marks - Brown Harris Stevens,DVdvV-Db6Bx7Cq7ejXR_Zg,40.6743,-73.97573,11215,5.0
Foundry Lofts,SapmIQqxUyBYGyl5I3-xwA,40.7096678,-74.0601588,07304,3.0
Copperwood Real Estate,EJ2SsP_6qzG3hiTD96VUcA,40.77625,-73.95173,10028,4.5
"Charie Properties, LLC",P9R8wyUHyer2mnyQCVeZcQ,40.73408,-73.99177,10003,4.5
Heatherwood Luxury Rentals,ZORtgn8eUBK5UN-cJ9Dj7Q,40.8060323,-73.2730123,11725,1.0
The Oyster at Edgewater Harbor,OGAAJdHV56CtWIDap_BkXg,40.8040084838867,-73.9912109375,07020,3.5
Rocket Factory Lofts,cR60xxB4MGaTHULbGUuxiw,40.71197,-73.96383,11249,2.0
1871 House,2wuFLauUeZakcGjlxeDbHw,40.76424,-73.96739,10065,4.0
Portside Towers Apartments,b3u-NZr89T0wVlhlsBs-gg,40.711898365044284,-74.03946837123624,07302,3.0
Constantine Village,FsQNWfGi9WCMrQfxCV426Q,40.7148331,-74.38805,07901,4.5
All Points Real Estate,3RrZ6wpXT23u2AkSjHEPeA,40.6913399,-73.99101,11201,3.5
55 Hope,iaakKy-pAXbh1WtN7C5TZw,40.713371,-73.955559,11211,3.5
Avalon Midtown West,t8negPzpIpi5ufXDrzRiHg,40.76189,-73.98541,10019,2.5
ACR Pro Contractors,y_vdwq0rge1qRFUP73cedA,40.6715814,-73.9932278,11215,5.0
The Regent At Liberty Harbor,Z45bYKzln3gVnB7h3IqzQg,40.7155609,-74.0475235,07302,4.5
New York City Home Improvement Construction Corporation,CCnjzK4wVNhuS9QLGntAXQ,40.7183233,-73.9799987,10002,5.0
TF Cornerstone,nVJ7ue6G0k5N6FR1Uk7EHA,40.75453,-73.997556,10001,4.5
110 Green Street,h_dcKfPQYP6bAuqPcH7nRg,40.733442,-73.956463,11222,2.0
Avalon Yonkers,gXAvMHdLFEAXqBpc8yfPow,40.93963,-73.9018,10701,3.0
Gold Street Lofts,y5GFDMTWaxSIFZlH_HnYrA,40.701961,-73.982475,11201,1.5
1209 Dekalb Apartments,8PHbSgF6237QEV_SVm27bA,40.69570875146015,-73.92789021561062,11221,2.0
77 Saint Marks Place Apartment Building,bhcIGC0Pu9KzobGrZNEkTA,40.72797,-73.985596,10003,1.0
KJD AV Design,vE3hutw6avdy0fUqbJbvtg,40.6924,-73.92621,11221,5.0
Tribeca Tower Luxury Apartments,cjXwIj9v6TFra3D-3VRgQg,40.7156376,-74.0059753,10007,2.5
Astoria Tower 31,0arSUfv7M5QNi3qMRnr7og,40.76266,-73.925214,11106,2.0
Flatbush Gardens,O96h9ZgWPq1yNDLQjA01PA,40.638377,-73.944235,11210,1.5
Vandeck Builders,UDKDaPzC_5U_DQioRled7w,40.606554,-73.953013,11229,4.5
The Grande at Metro Park,DgBHNEPVWAv2h_fQWefJPg,40.556745,-74.317593,08830,3.5
Xchange At Secaucus Junction,L5cLV0doWJWmAzckeIkJ-w,40.76439,-74.081236,07094,3.0
Vermella Lyndhurst,aLSTIhVVf42OcmDfhb76QA,40.803582,-74.114254,07071,5.0
OfficeOps,xxDVB_k7mQ5iRjIj-C0I7A,40.705357,-73.930364,11237,3.0
16 Bennett,r1GBO8L3OjXV1aLDgtaefw,40.73841,-74.03023,07304,1.0
Little Wolf Cabinet Shop,4v2MQ59RN-Ac0couvBJbVg,40.77466,-73.9514,10028,5.0
50 Rector Park,pbPfIccJh-ObjmrO_NDWKw,40.7414981903603,-74.1663498803973,07102,5.0
Corporate Oakwood,LIi23IFPHpyh2KmH2PMXnA,40.7625862,-73.986467,10019,1.0
Element Condos & Apts,cqwVu8GPWEzC0zkGSJVU8A,40.771598815918,-73.9893951416016,10023,4.0
The Cole Apartments,slnH7v6ATGmQ3PGjL6B2uA,40.780089,-73.9475076,10128,4.0
Ellipse Apartments,pfoQOfkmcIQ3tw8k3OxVGg,40.7311415,-74.0324054,07310,3.0
20 Broad,RI-7I5fBAaW2Z6Je064jjA,40.70651,-74.01124,10005,2.5
Observer Park Apartments,QIuUlL4C82s3C4WO0cRI3A,40.7360175246092,-74.0328177809715,07030,3.0
Pink Dorms,gUiaxkCdvUfDXhDH_zdHYg,40.732381,-73.98434,10003,2.5
Windsor at Mariners,5Q53qD0eUyHQ2GXKdmoXvw,40.827176,-73.9724644,07020,4.5
Christie Property Group,5J6ff5HR-PbTof-OXQ9w6g,40.7077309,-74.0077612,10038,4.0
Edgewater Towne Center,0gbgnfxa4y5pqsqkq9WDKw,40.825033,-73.973404,07020,5.0
Clinton Street Lofts,Wtapo9HjkOug48ewkLwg3g,40.73613,-74.1707799,07102,4.0
333 Rector Pl,7baDlIiB6bfSRQ1i3T5jag,40.70957,-74.01733,10280,3.0
Jamella Swift - Keller Williams NYC,Wvl8evBok7oYIIckf7kHMw,40.7501421,-73.9782738,10016,4.5
230 W 105,3pncNdI47lb8zz5xltpkLw,40.8002373576164,-73.9674624055624,10025,5.0
Universal Realty Group,jBN71ycYU2jSI2fpnOeAvA,40.72847,-73.98522,10003,4.5
Independence Plaza,Qhsg9_16arDlfLgUnp9E-A,40.71897,-74.01076,10013,1.5
Brownstone Real Estate,2atr5aABS4I3OLYzI5lpaA,40.6849602,-73.9949566,11231,4.0
Andrew Jackson Condominium,3KMl-VvLeZaCe3UKUmpv0w,40.75002,-73.89567,11372,3.0
Silver Suites Residences,2-UkbupZN-YmKnSA5tGtzA,40.7608913,-73.9988421,10036,4.0
Mark Plus Lofts,gBQyhO7M1UKCtijoDlCb3g,40.675781,-73.956681,11238,1.5
The Brompton,OZ0nn09jQrMzhAS12E4J2w,40.7780789583921,-73.9542143046856,10028,4.0
Brick Real Estate,tbZhCCsQMYffkUNEuq0jcg,40.6912499,-73.9971,11201,2.5
Time Equities,8ScKgzU31koJUr8_D5WxTw,40.734733581543,-73.9940567016602,10003,3.5
Batra Group Real Estate,Zz_KYjH8FUuK_ej8_A_tZw,40.74419845758583,-73.98539296838375,10016,5.0
Anagram NoMad,_1vG_Yd8k0TddE7-LfdOFg,40.7448559,-73.9861526,10016,1.5
Aurora,F-lguq1PdtZti5rPwynITA,40.7501,-73.937219,11101,3.0
Brooklyn Prime,heLa59igAtZEI_eSnvbKIg,40.71365,-73.95123,11211,4.5
Emily Sarrat,Wu31p7eyMnuExhKG9SsRfw,40.7261258,-73.9956614,10012,5.0
Posthouse,UG60TzP6WspM4x1U9txMdA,40.69343,-73.96448,11205,2.0
S & H Equities,DqNVVILjNi5waqxVX9R52A,40.72197,-73.98765,10002,5.0
Midwest Court,KW1qknUTflrHG3cOgOcYzw,40.7654991,-73.9886169,10019,2.0
Skyline New Rochelle,IrjNSkkXl1SLSJmNoKkH5Q,40.90926265501072,-73.78338043005942,10801,2.0
The Green,fx466ZkJzPV7_NrcXwkGaQ,40.79539,-74.19773,07003,4.0
Merlot Management,SpODwN-1ZmfVpjE5kTcl0g,40.79114,-73.97306,10024,1.5
Washington Geo Plaza Apts,I7OlINQsipMZv1FdsF7luw,40.75044,-73.89247,11372,4.5
Town Soho,vHeuiwAl5X2IBCP4CId3lg,40.722401,-74.003487,10013,5.0
"New Vista Horizons, Inc.",FtokmI6ICY7aWxv0XvxMiQ,40.746505,-73.985473,10016,3.5
Waters Edge At Elizabeth,CmbtdWQGggi7ll_-eMod4Q,40.6489010900259,-74.183466732502,07206,3.0
Union Square Property Management,Xgco-Nyg_DT3QVHmxgrIRA,40.72863,-73.98805,10003,5.0
Avanguard Realty,Hnjl7TDns8LUVyBN1x8ZFw,40.7662961,-73.9205339,11102,4.5
Pan Am Equities,ae3JDVD8AcICGOMWCrDaVQ,40.7513642,-73.9718439,10022,2.0
110 Livingston Development,gRMruanvmhEJQrKJj6JJeQ,40.69099,-73.98979,11201,1.0
Avalon at Wesmont Station,jrOKJ2zihw0dJO4O3vTguQ,40.844326,-74.087406,07075,2.5
Gutnick Realty,W8bJvWlCqXNeybmdiA1ahg,40.6683,-73.949943,11225,5.0
Dharma Home Suites,mTwgMjLimMv4w0OGDt-d8g,40.719826,-74.037109,07302,2.5
La Premiere,u23PhsS6vIcTW2JtM5DU8Q,40.7647245,-73.9827009,10019,1.5
Soho Lofts Jersey City,veKfOc8_DzKnV5IDRbY2yQ,40.733093687449774,-74.04520460230724,07310,4.0
800 Sixth,4xSPTfp-TcjjE14qFhGMvA,40.7453911,-73.9904866,10001,2.5
Doric Brokerage,ZeS-LBGPyMhLWQCWkESy9A,40.62571,-74.02377,11209,1.0
Shore Towers Condominium,GrZq3-0HGhDjIIHmBhUEtA,40.776073,-73.929054,11102,3.5
The Biltmore,de-hm_ew9WBcX3esBdjXPA,40.7604348,-73.9870458,10036,2.0
New Bedford Management,cKbuiYPEUl1niJU-gQKVsA,40.73829,-73.9826,10010,3.0
Roosevelt Landings,_EMflP4_MWUU87uC0Y-AmA,,,10044,1.5
71 Broadway Apartments,0-QfiqJD30CDXrr9pH4pAA,40.70736,-74.0122,10006,4.0
TF Cornerstone,Cxa14NQBIjbHg2VLEPS4rg,40.7472382,-73.9559937,11109,3.0
Solil Management,8t6WhilIdbm1VLVQWYgSLQ,40.74899,-73.98625,10001,1.0
Brooklyn Heights Real Estate,aCFsGbP5Y6Q9VEF-QaSJ8Q,40.694198,-73.992988,11201,4.0
Marc 900 8th Avenue,9Ka5mXJLwVR_QGIgf-I6FQ,40.76429,-73.98439,10019,2.0
The Buchanan,NoqOKV63nPJFbuRLLl1ojw,40.75464,-73.97211,10017,3.5
One Day Bath NY,ottvCgb6kMIl7Zr7puJr4g,40.62374,-74.00365,11219,5.0
The Pearson Court Square,cjScf8e9YSjdF0ttIlbE-w,40.7443832001084,-73.9443612394904,11101,4.0
Bohemia Realty Group,6RLUQ9SwIFJN8hVWrrnmJQ,40.804079900497726,-73.95506806649156,10026,4.0
151 East 80th Street,-OX910zuce1VoHtHZdp2Lw,40.7756353,-73.9581411,10075,2.5
Crystal House,T29ENSXk_k9MEUAZzYQcog,40.855859,-73.862598,10462,5.0
Chatham 44 Condominium,8xdfVUzk0OT0UK_W3yUUxw,40.76066,-73.99428,10036,4.0
Blueground,naFsJhAPxfMjWvDxCkS13Q,40.7484834,-73.9892864,10001,3.0
27 on 27th,T98vIlN93-55lZhXaKDJrw,40.7493746690124,-73.9403379394322,11101,3.0
"Urban Real Estate of New York, LLC",-3wxpWW41r1L-K_6uwfr3Q,40.7371068,-73.9905693,10003,2.5
The Highlands at Rye,WMrYrsvd8P6_dX_TC7U7OA,40.9866753,-73.6842821,10580,2.0
Carrie Bradshaw's Apartment,w4ycLeTQOfQw20JsWQVP3w,40.7353277,-74.0037775,10014,3.5
Berman Realty,20mNm-dhezhZEx-bNPCgZQ,40.6741612454151,-73.975818157196,11215,4.5
Nycha Smith Houses,3Pe1zUePNAEh08xKFH056A,40.7086613,-73.9990228,10038,2.5
Karin Carson - Keller Williams Realty,OC_RkH2vtQkkR0vKvn0IfQ,40.84266,-74.20835,07043,5.0
River Crossing,zrt1YCzpLJOHmhdIiXsJ6w,40.78635,-73.9424379,10029,1.5
Camelot at Bayonne,DsAjex0yIxL7Bcu7AChlIA,40.6479496776614,-74.1381945148097,07002,3.5
Brooklyn Vertical,2WMddrAWup0zQvElZAJzBA,40.676372,-73.95071,11216,3.5
Margules Properties,u6LR73M7DMsf0ZE2vTijhg,40.7431082701935,-73.9800645,10016,2.5
Alta,0_43oSoM3d1ffgyPv6MsIw,40.749102,-73.936323,11101,1.0
Aamen Realty,91tYxZa4vOgQevakSKLWGQ,40.77479,-73.91186,11105,5.0
Beach Haven Management Corporation,_Lg8xOAGohedyRjhCzt5VA,40.5861,-73.96821,11223,3.0
Buono's Flooring,PciKpAsfUv_UauUZTXau0w,40.591,-73.97044,11223,4.5
Essential New York Real Estate,SHNFLHXQt53UN_B6t1DFLQ,40.76523,-73.97557,10019,3.0
Eleven33,WeQbtDaAWbHji0FUg4hj9g,40.73698,-73.95554,11222,4.0
Maple Gardens,u2C5eSRfIIHH1m6ZzCkv4g,40.729769,-74.22151,07111,2.5
City Flats,pMyf5SeucCBaSI9T5V2wvw,40.6618195,-73.9617081,11225,1.0
Crisari Realty,7nTtgO6KLS6ZyR_EwO_-Zg,40.72924,-73.980293,10009,1.0
172 Montague,dGjjsMQGNu9PyQ0VS01Yfg,40.6941085669666,-73.9922677925098,11201,4.0
Jessica White - The Corcoran Group,KoPTyigjBRFP2bQX9g4Snw,40.71578341568682,-73.95980169461339,11211,5.0
Ivan Mijalkovic- Corcoran,S0f90B3oRLz9fzPzUpgsmQ,40.74458,-73.95378,11101,4.5
The Clutter Whisperer of New York City,8NCzc4ieY9Iqzo_EaeU0WQ,40.748102,-73.974019,10016,4.0
Horderly,uzCJkmQZJz2lDg7X2qB3Dw,40.75095,-73.99811,10001,5.0
Bellini Terrace,mKxk-pHBHRSp8JY9cO3x1Q,40.636791229248,-73.9721984863281,11218,1.0
Marjorie Thompson- Washington Realty Corp.,EWWyfUeAJVxxBDRuOg_8Jg,40.673025,-73.963211,11238,3.0
Spanish Princess Cleaning Services,1Vo4hzvrkV-xomwiWUD_1w,40.7185087,-73.9821796,10002,4.0
990 Avenue of the Americas,P1e2wNolA-t5dBkx6bQx4w,40.75125,-73.98626,10018,1.5
The Marc,igxu0rx_67oznyKdL4TcSg,40.7645394,-73.983898,10019,2.0
Platinum Properties,bDFFcYOe8B-0620Xhypq9A,40.7051415,-74.0067386,10005,4.0
100 Barclay,oKKiFiTXPYnoyzMBaRn9cA,40.7140165703967,-74.0127071748514,10007,4.0
TF Cornerstone,bbOkOXwPilEjYMgZjMRWcQ,40.70643,-74.0098,10005,2.5
The Hammel,_MOc7o5hx0UxmCpQOu01Qg,40.913013,-73.785273,10801,4.5
Toscano Floor Designs,0idUyFNBUmWUtmduE5YVDQ,40.7569710529965,-73.9361928,11101,3.5
59 Kent - The Landmark Pencil Factory,Pv9BJv2Y7MOQPMxaX_b7EA,40.7305254042149,-73.9588075876236,11222,2.5
Wall Patch,EV_WtQptf5wIxZL1ZGDA9Q,40.67133,-73.93645,11213,5.0
Student Rental NYC,5GEVSWMTNkMyFd6YXwCp1Q,40.733203,-73.986251,10003,5.0
Doorkee,zT6JX9M71PDgdiuGiumEtA,40.7527046203613,-73.9725646972656,10017,3.0
The Corcoran Group - Brooklyn Heights,AZwbUKUH-0WvzCc2tVHmBA,40.694618,-73.994514,11201,3.0
Renoir House Apartments,voaCXRGfBjZa1dRQ3i4nsw,40.763812,-73.963477,10065,1.5
Novo Boutique Living,93cdK51QrOWL-9jmqR1Vow,40.72334,-73.99249,10002,2.0
"California Closets - New York, NY",gDAKTv-VvkGCj6AFipqqkA,40.775747,-73.94751331165673,10028,3.5
The Murray Park,TE3PKgQFVGpEd_B0HBUs7Q,40.74633,-73.98032,10016,1.0
The Sovereign,oA_WgUm_VTNNH-vQrMAy6Q,40.75843,-73.96063,10022,3.0
Murray Hill Crescent,A-rViLqXeFhqhWeMJQ0vTA,40.74663,-73.97598,10016,5.0
Hunter's Point South Commons,qcVbeGp8XjF-c_3INBa8gg,40.7435145429437,-73.9591916,11101,1.0
Olympia House,iJUH9h8w5AraHvDYOAcYxQ,40.7514807,-73.9717502,10017,3.0
L Nelson & Associates Real Estate,GLya_J0WsNRfnv7K2qG97Q,40.689712,-73.970436,11205,4.5
Sovereign at Shipyard,DU4TydnStq_T9Mxt2c3IbQ,40.7529944,-74.0239383,07030,1.0
Luxe Micro,TBUGQbd-1xAy3ywnf82ETw,40.721263,-73.999325,10013,1.0
Loisaida Realty,hoJDf3B8zX7a9ks9juCn9g,40.72512,-73.976325,10009,4.5
The Stratford Luxury Apartments - Glenwood,aEQgMBIQkGKwc39LMyryYQ,40.768016,-73.953407,10021,1.0
Christina Brown Gardens,Z2-uQZqdcc5TvxNQkSd5hA,40.6743924,-73.9577814,11238,4.5
Delshah Capital,v79guLdes7HPnkDUvQ2UUQ,40.7495978218333,-73.9795303344727,10003,2.5
Daniel Kuperhand - B&H Properties,c6he7S48Bmbqu6p6sCksAA,40.6875866,-73.9795133,11217,5.0
The Hawthorne Apartments,M52hB3qGbHV8yYKQQwlDOg,40.660361,-73.696054,11580,4.0
Vandeveer Estates,ZJdHItzvZUU4lvQJt0wejA,40.638597,-73.9426262,11210,1.0
Trump Village,E4YmGrjTHZ8XjAZVDy5amw,40.577426,-73.973792,11224,2.5
Seaview Apartments,yjnTMj-E5kj_XdfEzuj-EQ,40.5944059,-74.0711359,10305,2.0
Arabella 101,5GFUJC46S0_57HxBI92ZvQ,40.723476,-73.976578,10009,3.0
Townhouse Management Corporation,n3niFExnliXv4XtMRgxAnA,40.75968,-73.98993,10019,2.5
The Gateway,SdzrzK8cnenf-hOLSb0Nvg,40.746828,-74.260812,07079,5.0
Quintess Real Estate,9AaXYh0SNDg9wQZXB48_Aw,40.662511,-73.96142,11225,1.5
Bonnie Berman,_OZdH3BnZwtNOREZ7Fd6Jg,40.735191,-74.002479,10014,3.5
Ryan Fazio - Bond New York,KMHB0xS6QgiuzJQYHB5qug,40.73459,-73.9909799,10003,5.0
Quarters,nnjEyG69j7PGVAotOBriFg,40.71723,-73.9903999,10002,1.0
50 Columbus,YcsYkbDTbERn8XxEHG9asA,40.7186737,-74.0397491,07302,2.5
Cityproof Windows,0dsJG00k042u9WLhKrhElA,40.7520943,-73.9482346,11101,4.5
Queenswood Apartments,ADdkp4vNkYAdk98UVJvKBQ,40.7387,-73.85897,11368,2.5
Hippodrome Concierge Services,5G4RlDyI3jVrMrVKwFuT2Q,40.723263,-73.849937,11375,4.5
The Pier Apartments,bWWG6uGvyIJVS7_PYSLdaQ,40.719399,-74.031981,07311,2.5
Murray Hill Tower Apartments,pC_UolR_BHICcQ44jblK7w,40.7488566,-73.9732339,10016,3.0
Overall Assembly,sF0M8CTO-nsRfnSe7q_TLQ,40.7400207519531,-73.9855270385742,10010,4.5
Tungsten Property,vYrZ3dBYYfG3gj8Xu9Bacw,40.7207273984451,-73.9983703297279,10013,3.0
New York City Electricians,9SLKERjeQ6iGBOUgyxmd-w,40.72824634824145,-73.98706301719668,10003,4.0
The Bromley,Ko3UzUt96CLy_PgpODxMTQ,40.78637,-73.97736,10024,4.0
Shore Haven Apts,r77ZG5sZOw0d8dUDDAwHLg,40.59867,-74.00191,11214,2.0
233 Schermerhorn Lofts,AyM2VRhgI9rqJr9P2r6LLg,40.688603,-73.9847042,11201,2.5
Standard Living Realty,DhH2TOmU-jjDgk6IMGZ1QQ,40.66963,-73.99287,11215,1.5
Ocean Towers,7vYgkTyWPVaCl4RPM7Ymmw,40.57439,-73.99106,11224,2.0
Crown Heights Apartments,vQ46oQr7ZLGSxvI7sgkHzA,40.6713636,-73.9432632,11213,2.0
Manhattan Life Real Estate,BRnbINYeyZn5EWcRS4BYiQ,40.717946,-73.985018,10002,5.0
HZ Computer,1AfQO1ZDDa0ECz-aumeZrQ,40.71480120770507,-73.99084830000001,10002,5.0
Silklofts,64pl74z8kmbC4285MysrLw,40.65859,-74.1191,07002,2.0
Reis,hiaDdie6N69oWXlyHuk5tA,40.7578609,-73.9824298,10036,1.0
A to Z Renovations,4BgqfbDg1vND9ghpzxdx0A,40.61743,-73.94198,11234,4.5
Carnegie Park,Lj-jpy8gBktrY1RG1Wmj3g,40.783672,-73.949188,10128,3.5
Village Living NYC Rentals,modhxYV-qz7_in1rt-8rpA,40.7331332,-73.9914431,10003,3.5
77 Park Avenue Apartments,YXMuZRqrD1SrE3_aH5SzWA,40.7364674,-74.0337599,07030,2.0
Embassy House,HmC3ThBjzIcmttivtu_fSg,40.75295,-73.96951,10017,3.5
The Alexander,VDzcfqSDZupZjxp44FQx2g,40.81641232243824,-73.98168607054953,07020,4.0
Midtown Luxury Skyrise,JNKcbi1h4_vF259Zb7P6WA,40.7602538,-73.9675441,10022,5.0
Embankment House,5L_ZIy4QZC9-j08qWHr-pw,40.7292813,-74.0454248,07302,3.0
101 West End Apartments,JLTOlpmxiXmj7O8ONHrQYA,40.7751499,-73.98838,10023,1.5
Andy Ryan Photographer,QOANUlomddwVrhS4YwYMsg,40.71217,-73.96372,11249,5.0
Palisade Terrace Apartments,6XoaLDIOaASwGQkNcLGbjQ,40.84447,-73.97214,07024,5.0
Crystal Green Luxury Apartments - Glenwood,v_biIX4cDszbX81zXqCJOA,40.7558762,-73.9925074,10018,3.0
Sovereign Associates,D32R15kv2iJBXF1DSsGaZA,40.8137,-73.9602139,10027,4.5
"Urban OrgaNYze, LLC",7K3SpnhCLHTk8R-B_HMWGw,40.7627550400629,-73.9813574389648,10019,5.0
Brooklyn Warehouse 180,RyAZnZ_zfOmgqa4qUNLjog,40.69829,-73.98428,11201,2.0
Galaxy Towers,civJdPJ0546bjHBcmTaI1g,40.7914658635855,-74.0004502236843,07093,3.5
Spring Creek Towers,gBiAg7p4pojUlvY3Y9xYuQ,40.650168,-73.883684,11239,3.0
12 East 88 Street,DVxR-23QqiD7EhXcjrlxmw,40.78236,-73.95859,10128,5.0
Twenty50 by Windsor,NpSWeBBQ-xEmmtzBnlAPsQ,40.8523738849593,-73.9651960891221,07024,4.0
Citi Living Solutions,22WW0IvdK3gWwlo2ng_Y0w,40.7193370800664,-73.842835597099,11375,3.5
RiverParc,NY90A873gQtBKonuJGW9Iw,40.782264,-74.007819,07086,2.0
Nooklyn,EV_Q_rHEykY1q5MgEdydJQ,40.7083666588164,-73.9219340344455,11237,4.0
The Clermont Armory,cX_OaAFq8dvLfZr10I1GeQ,40.6924599,-73.97054,11205,3.5
Classic Realty,4QJh_lEDMkC_PCBVQjVoVQ,40.76005,-73.97244,10022,1.0
Rol Realty,APGNK8rxWs3nAtz_Q6BD0Q,40.76609,-73.98683,10019,1.0
The Pierrepont,OwWOmn4DVzTXtLmrwlAafw,40.69465036271061,-73.99149630059432,11201,5.0
Tapiro Realty,W1qTN7rvp07nTgJAfhi6_Q,40.65431,-73.9526999,11226,4.5
Big Apple Locksmith,OVs0-eFkaEwiarNNyhoAgw,40.695013,-73.982843,11201,4.5
Serone Realty / Michael Sloan,17jkUFu1snrNjwOZAlpVQw,40.7321607,-74.0018007,10014,1.0
The Monarch,zcz_Lh8YNs6k9GLfY8mNxA,40.80849,-74.082355,07073,2.5
Window Horizons - Hunter Douglas Shades And Blinds,s2r5kb819VGPpHpKmd3rig,40.78893,-73.97063,10024,5.0
Awaye Realty Management,cIibi82caftso-o78gjjrw,40.67572,-73.99937,11231,4.0
Bonnie's Maids,CExTPPpWL_OBQPnJ1wAvRA,40.729795,-74.033518,07310,4.5
IFloorNY Hardwood Flooring,X1z2iIXaIurKmlm7v3L2fA,40.624443,-74.026966,11209,5.0
Brooklyn's Best AC,b8-m30FT_0XBRrS8McjY9w,40.6712471,-73.9576572,11238,4.5
Park Plaza Owners Corporation,7QyrKgXf3C0SKqhZdX0xjg,40.7336552,-73.8621051,11374,3.0
500 Sterling Place,41A-4BDQ7u7uQu2Xumzo8Q,40.674093,-73.961809,11238,1.0
G&G Tub & Tile Reglazing,I6U5T9lQ8V94SmwV1da0wA,40.662129,-74.000193,11232,4.5
Choice New York Companies,5PSrFsIp4i-WZma35JDSQw,40.749913,-73.994405,10010,2.0
West 96th Apartments,RrNic3YUgPRdgrn1H73cfg,40.793337,-73.967587,10025,2.5
Lang Realty,xRZmagg2KFk8YWh--adBOg,40.671475,-73.950044,11216,3.5
Roeblin Group,VcdBwsh3Rzydv7kCquZk6Q,40.71561,-73.99027,10002,5.0
540 West,OtNJqeBwRQuNjT227hj9ag,40.7646560668945,-73.994255065918,10019,2.5
Riverwalk Crossing,bxpVqo50ddyXtF93pslxYg,40.757984161377,-73.9539794921875,10044,2.5
Canco Lofts Condominium Center,Y4tFfJdhVlo1lLNbLqGnYw,40.73826215176521,-74.06880149721215,07306,5.0
JC Real Estate Capital,CypQ1Mp7alqc978MdC8QeQ,40.615402,-73.987397,11204,5.0
432 Park Avenue Luxury Apartments,EVgddtAA-waJ2YGj7FWj5w,40.7609024,-73.9715958,10022,3.0
Urban Dwellers NYC,guszJHwzn3xURSJLTQ9SPQ,40.7331085,-73.9978485,10011,5.0
67 Wall Street,ahx6A_4TWC8cnSfyQTpk-w,40.70564,-74.00827,10005,5.0
Brooklyn Blocks Real Estate,BYREvXfiXJ_ykA4aj_Cxng,40.65195,-73.943685,11225,5.0
Affordable Housing Real Estate Corporation,npCh2K8HGK2kGudAKhIf4Q,40.66428,-73.94398,11225,1.0
Janovic Paint & Decorating Center,82rfpX54ltm4Om_xoqUztw,40.7385399,-73.9835353,10010,3.5
Stylish Window Treatments,36d2vqlt4sr-gmAAhGnrXQ,40.758996,-73.962734,10022,5.0
Apex Hudson Riverfront,Cf_hPT_i2AXy8xyiw_GhWw,40.931117,-73.90423,10701,1.5
The Litvak Team,4iKxdzkwd0Q9_PVOWRMjBw,40.7199627452037,-73.9612388266693,11249,5.0
85 John Street,aLrFPWCrlLXmUwRkunYwfg,40.708501,-74.006489,10038,3.0
Biltmore Plaza,h5rQ2duk2Fnv7ExbBTk8pQ,40.74297,-73.98057,10016,4.0
Bay Ridge Realty,dH4W2vQ13BW-2vY1mI9t3w,40.61901,-74.03306,11209,3.0
Hemisphere House,iXkswaa8FjYZFX3IwzMh-Q,40.76405,-73.97699,10019,3.0
Lumber Boys,EeSWzCSFWJjz6BSnUcfA0A,40.7472732486237,-73.9744436000002,10016,4.0
Bayonne Bay,JbAAhouFLMx8IU_hJ9uOyw,40.670731934265504,-74.09475101182078,07002,1.0
East River Housing Corporation,1uzaaiK_KFzAQ-RW1DgT8g,40.71388,-73.97895,10002,5.0
PLG,UODytEhyeaFDRM4Ah9MGSg,40.65276283,-73.9543585,11226,2.0
Liberty Green,uL-pAxyxiZNWiY_A5PjWyw,40.71661,-74.0143499,10282,4.0
Blackstone Properties Of New York,KJFl9NnwgihUGsYuIs6QCw,40.70648,-74.00912,10005,5.0
The Lara NYC,frKCb7GuR9tbUlanqzJTJA,40.71086617,-74.00730283,10038,2.5
AXE Realty NYC,sPaXTOHRVm-jCAI3CddSwQ,40.889653,-73.8989578,10471,2.0
Fraziers Realty,j2y38Tiqv9YkewzFcoSsGw,40.6814755,-73.9573103,11238,4.0
Hampton Court Luxury Apartments - Glenwood,hmIqZchz9MdieCgDsWZ-rg,40.787599,-73.942633,10029,2.0
Harmon Cove Towers,b0OLeL6dAjufmNYONKmwsA,40.783957,-74.0791161,07094,3.5
The Link,gCpQhZe6dTyFADV6izhhHA,40.7636222839355,-73.9859619140625,10019,1.0
GPS Realty NYC,gM-5vr6qgc6VsNlPkKoyrQ,40.744068,-73.98069,10016,2.5
Woodcrest At Clark,6UhyyyqJG1UudfnIvjyyXg,40.62701761504732,-74.3220784499249,07066,5.0
Aimco 240 W 73,9yxlm2uZapbMrCIqOsjE9Q,40.77978388884301,-73.98261085953098,10023,1.0
Bronstein Properties,e9n-hAsqs8co4aOFE_KBFw,40.65285,-73.95853,11226,1.0
Progressive General Contractors,vEREUH-RO72HKkxCnxke2Q,40.6157060086119,-73.9560908451676,11230,4.0
Kennan Ash,s8q8_Z57GBxj7-g3EhMVSQ,40.75946,-73.96385,10022,4.0
Velsor Realty,9q2_fksenOMOKMBqmdibXA,40.6274942,-74.0292304,11209,2.5
The Montenegro of Astoria,yex7am6fXWt6-nDytuHRXA,40.7686501,-73.9291763,11102,2.0
Better Living Properties,d75xooq2V61HJv6_ZQGSlw,40.72232,-73.99199,10002,2.0
Port Liberte,SRZPiw48AXeThItwvypFpA,40.6998402625322,-74.0787365287542,07305,2.0
Station at Lyndhurst,3ZqZ6yeqhA-aT8eY2zH7GQ,40.799201965332,-74.0954208374023,07071,3.0
Strictly Cleaning Restoration,TARfcBj3UXHy-pwsDzMURA,40.66072,-73.99117,11215,5.0
Avalon Great Neck,Mn1pv5OJs887dQw8nbvk0g,40.79679936668009,-73.71215564948298,11023,3.0
Beaux Arts Rental Ofc,64lMXUrKEwHJzAGXNGr4zQ,40.7509880065918,-73.970329284668,10017,1.0
Wall The Partition-Temporary Wall NYC-Pressurized Wall NYC,LEisZUXdEfNSFZIO0ZAiDw,40.73675,-73.89923,11377,5.0
88 Greenwich,mfQFcY57dL8KxpPfncfwrA,40.70778,-74.01381,10006,3.0
apartmentjeanie,JDPNfG-Z4L6GvbwlI6_Sgg,40.73124,-73.9888,10003,5.0
Canal Lighting and Parts,pxllxZZWyoeivA8T-El6sw,40.72011,-74.00256,10013,4.5
The Regent - Glenwood,UAMwaSPn0W3NGsXXeFLOXQ,40.7697983,-73.9838562,10023,2.5
212-PAINTER,1Twx6y6LVm2woUH_jZYlPQ,40.7445902,-73.9876109,10001,5.0
Larry The Painter,dbNYLm8bUXMuPhAPcQ46Xw,40.72514,-73.80275,11366,5.0
City Soundproofing,2zTSKRbsShzGPM-IRV6d1A,40.75301,-73.99582,10001,5.0
Danik Electrical,yKZY5cNbiYGufLvxXGSAeA,40.59969,-73.99923,11214,5.0
The Junction Group,l7AXBzpaQenjHtvt3j1Mwg,40.68639,-73.95001,11216,4.5
Horizon House,LuB5EgwJWo6aqwkugOv5nQ,40.8392,-73.97346,07024,3.5
Mark Greenberg Real Estate Company,-rhVFJqxwDt8FjQdAsqLJg,40.7608,-73.97326,10022,1.0
Residential Hunters,n6Y_C7FB6ql2Mw80lIjxxA,40.7431016405718,-73.9934090450604,10011,5.0
Great Neck Maids,OF6sNE_rJ9p42hFn2b740w,40.78696,-73.7274,11021,4.0
Gamo Realty,Cy_xGCO9k1jmgNeg1AUegw,40.766039,-73.986792,10036,1.0
RiverTrace,S9SzLMErW6jbfZha831HdA,40.7835692,-74.0039337,07093,3.5
The VIP Team - COMPASS,O0NfjbgDooY5bk7qizmTLw,40.739291,-74.041095,07030,5.0
DV Locksmith & Hardware,g9NGFMz5dcp1JwQe-OlnjQ,40.768526,-73.92426,11102,5.0
Diana Tian - Coldwell Banker Residential Brokerage,0SJzgGqOWkAyaPxJq-N5cw,40.720566125336234,-74.0436676,07302,5.0
S & S Handyman,DssF0B2hl7NjE_4GsX6ERA,40.757913,-73.9907,10036,5.0
B'Way Apartments,InTD8gX8M38JRg44sSygTg,40.69799,-73.92797,11221,2.5
Highline Residential,t6NQTkfX06vUrwP0W06rxQ,40.75501,-73.92497,11106,4.0
Annette Akers - Serhant,Wpr0mO71cK6yiUphaImdgQ,40.72356602236189,-74.00304105576897,10016,5.0
Metropolitan & Waterfront Residential Brokerage,e-clmnEWcVwHKojBMczPfw,40.7265453,-74.0331859,07310,1.0
Castle Braid,0JW8nbWOOZytSb1wBlouXQ,40.6995162963867,-73.9291152954102,11206,2.5
4 Points Properties,D0mcI8PIbCxbk-5bZ0JU-A,40.7190816,-74.0090777,10013,4.5
Avalon at Edgewater,-1EVwBXVsw2lbc66GRuVtQ,40.8205489587263,-73.9779873602982,07020,2.5
Shabir Ahmad - The Corcoran Group,WD_98tjiekrSMGUfkTb-vA,40.6961241,-73.9970126,11201,4.5
Robin Pollisky,MU-7EqOgSpZDZ_mxjqP0kg,40.71559,-73.99018,10002,5.0
Oakes Pond At Bloomfield,Fvgx69TuT7MgOTdr8eqfrw,40.8014313,-74.1882345,07003,3.5
Park Bayonne,juEhZCBkqPXgY0dlksUdmg,40.681805479799,-74.11122354037138,07002,3.0
Ridgewood Collective,7jUSxaR7uoefCMsr37FGcg,40.6953092,-73.9107336,11237,5.0
3 Journal Square Apartments,SDcRnYpqZhseRRIJPFfBWg,40.733935184075236,-74.064115,07306,4.0
TF Cornerstone,PrNhW5z-61NtsGHrCxOE_w,40.7454362377016,-73.941764831543,11109,3.5
Susan Chan Real Estate,mgwX8cv9h59ukLarvLbxQA,40.759765625,-73.9879684448242,10036,5.0
NYKB,fC_v__pFJupIo8k7dVjPsg,40.7432022431192,-73.98984075159,10010,4.0
The Somerset Luxury Apartments - Glenwood,gwqUOa_7bUhaUeRfFxc-IQ,40.76741,-73.953895,10021,2.5
Hollingsworth,enG9PJrx91BdbmVxLumaUg,40.75148,-73.98611,10018,5.0
Premier Metro Realty,aFfPz74vcwq3kfoVzuRMWw,40.6773043,-73.9937431,11231,3.5
Arta Restoration,raTzCe-LoOp7_2TZpAWZbQ,40.7173712,-73.8160145,11435,5.0
Teachers Village - Newark,uPpOmAx6uKqxhJTNGFL21g,40.73407333,-74.17463167,07102,4.5
Madox Apartments,TQmbeZlzDVW7KrOQZ3Sa9A,40.71384,-74.04094,07032,5.0
Domain Properties,ces7Qc7-2vg_Bw6pWnoF6w,40.7487799,-73.98718,10001,2.0
Airnizer,-8ppjMG0cNr1YSooG8ivtA,40.7477797,-73.9559199,11109,5.0
MidCiti Interiors Wallpaper Installation,CwpPJAi2CHbI35W_6wnzow,40.76149,-73.99138,10036,5.0
Lexington Painting,Exx-dTaqoVzLkp9-FQ2hjg,40.7455172671247,-73.9806055650115,10016,5.0
Yan Lee - Brooklyn Heights Real Estate,mY3d7bYmwjS1vEHKn4W7Xg,40.6943,-73.99294,11201,5.0
Perfect Strangers of NYC,75F6ltvLr2z342RyZ-72zA,40.7465981290851,-73.9973219470215,10001,4.5
The Art of Tint,2ckEegkaInFJLV6oyK3vFw,40.677499550147104,-73.99621309999999,11231,5.0
Evergreen Realty,h1BRgF6j9Vz5x8vUUxlH7Q,40.692608,-73.926989,11221,4.0
CNYC,FEMGwqmUsoea-jh0kWpqIg,40.77574,-73.98026,10023,5.0
Water's Edge,i5g_BFgSf9tukZDzleHO-g,40.743546,-74.162392,07029,2.5
Chesterfields NYC,z5Xi9liNewjlv7vj0L2OLw,40.743432,-73.999842,10011,5.0
Galaxy Towers Condominium Association,phmYL9Qpmaz1F45Ht7DexQ,40.7914511114359,-74.0004502236843,07093,3.5
The Meurice - WAM Partners,91MJEhw9EnUVkpmjuG7Rmg,40.765807,-73.978095,10019,5.0
Kingsbridge Arms,z1jTSrYzpnkOExpvNIlrpA,40.874511,-73.902923,10463,5.0
295 Central Park West,rc_QsP0VLQXaJoBHWEEHHQ,40.78778,-73.96791,10024,3.5
The Apthorp,BomXBiD-7g2RaWQwYM2ygA,40.7837699,-73.98134,10024,3.5
Crown Gardens Housing Corporation,YQ-LJEtx5UV0wsyu5aZWhw,40.667195096612,-73.950322419405,11225,3.0
Briar Oaks,jVRK4DAynZk0Mat1hWvSlA,40.89139,-73.9093,10471,5.0
Start to Finish Organizing,-IVKi60d2JEG-df_JWyH6w,37.79893302468088,-122.39835868708793,94111,3.5
The Opal,6xtxwlpoXUEnTH4B_GRNtA,40.725122,-73.812731,11367,1.5
Bartunek Hardware,JUDzfXIwQWNaf71wfbmbyA,40.77554,-73.91406,11105,4.0
1 Day Window Treatments,cxeEFosokyTUUoxHhvjTfw,40.76615,-73.99179,10019,5.0
The Brooklyn Zinc,uBKVSaC2Hghq27xxW8bZWg,40.678116,-73.96472,11238,5.0
Smith Woodward Plaza,ZEfUESfykKBWrvyZa9YHrQ,40.67939,-73.9342999,11213,1.0
Mary Kae Higgins - Coldwell Banker Reliable,3W_UNwqCF_D63O_D8cvN2A,40.629814,-74.0228163,11209,3.5
Esplanade Gardens,hWqw9v3jK9hj_kP30pG7tA,40.823448,-73.9374596,10039,4.0
Riverbank,TYWnnF-BS5JiOks2S-X0fA,40.761242,-73.9977809,10036,2.0
Gentry Apartments,r40XdhVT1Sh27n1EsxmwJg,40.65402,-73.94849,11226,1.0
Curtis Chance Realty,KynSlFLCT3UZGEPp6yQQow,40.637883,-73.953373,11210,1.0
Roomeze,JhEQvtWOZ6oN51d6mJq54Q,40.67476,-73.963454,11238,3.5
Aaron Mazor - Town Real Estate,NssvykqtGk_GYGg4H2hVyw,40.7223881,-74.0036039,10013,5.0
Aquablu,viVwk-FqtPKWc52IukjjUg,40.7303,-74.03143,07310,2.5
Pullover,OW8uKh22it8fdRlIUhfkJg,40.71424,-74.00642,10079,4.0
Billiard Factory Lofts,GE6pxOVN_xOdMEgMFvwL9A,40.67685,-73.96439,11238,4.0
Cliff View Gardens,jutWTP4OKHUITIPhXdVgVw,40.8496742248535,-74.0780868530273,07075,5.0
10 East End Avenue,UBtNyb0OIxQLmY9qP_ggrA,40.77108,-73.948189,10075,2.5
Secur-A-Door,h9Royp1Vv7LIAJU4AXWT8g,40.721091,-73.910324,11378,5.0
The Classic Kew Gardens,dliL48al-B_8YrerBG93KQ,40.7094803,-73.8272934,11415,2.0
Goodbye Clutter,1NMHY0oScOzu4fwbCP7cGw,40.78332,-73.95644,10128,5.0
Cobalt Lofts,LSqX5mypbhUNHML_NaYLmQ,40.735705,-74.15283,07029,2.5
37 Wall Street,zRIsxwGvkT9TqNgxpNOL4g,40.70658,-74.01003,10005,1.5
New York Dwellings,MipL5X9F0Fn7ogfNToW0GA,40.671867,-73.983711,11215,5.0
Goldin Management,uVH2E7zOygCw_18oVPQe8g,40.6748,-73.97171,11217,2.0
Dugald Loughnan - Brown Harris Stevens,fjo7gpInZwbOzcBhNjpeNQ,40.73377,-73.99115,10003,5.0
Studio 19 WoodWorks,S4RV74U0IS5kufHPRF9BKA,40.64561811721127,-74.02391256653566,11220,4.5
Cityami,Eh8tS1bJRvK9d5QIWvHvBQ,40.720087,-74.000892,10013,5.0
Joelle Chilazi Group Compass Jersey City - Hoboken,flK_ek_s_f_gY1AuNCEq6w,40.716918,-74.035274,07302,5.0
Sasha A Gurevich - EXP Realty,yZk-HzxMNQa4WEW76n_vzw,40.70256833,-73.99504167,11201,5.0
Kate Spiro Interior Design,-c-gpHMqGIS11Cc9lNE-Og,40.6967,-73.99003,11201,5.0
AIRE,I6shDnUn_ma9Mu_b2TirFA,40.7755682436738,-73.9844956873014,10023,3.0
Milstein Properties -4,YRNtJlwPMpx7GnumdOmpkg,40.7707672119141,-73.981575012207,10023,1.0
Corniche,m0AzsST-SfO-K7EPTQDQAQ,40.77854,-73.9508199,10128,5.0
Citi Habitats,SCaPIQTO_jcyzuTnMjgBnA,40.72729,-73.99539,10012,4.0
The Rivington Apartments,xnDIxiKrQOlWlKLYskShMA,40.7519667,-74.0325368,07030,4.0
Dyno Moving,oLeRKgLaHE4km3c8QIfNrg,40.704796,-74.007281,10005,5.0
The Aldyn,LCEUAzTKiPKebzRpdC37DQ,40.7745737,-73.9909786,10069,3.5
Penny Lane Owners Corporation,Ri9_zgVeh8m34lCQ0VzExg,40.73937,-73.98209,10010,4.0
Resource Furniture,9DVXbMYDWj_4OsujHRBbAQ,40.7607444,-73.9669261,10022,4.0
Perfect Sublet,uVelxKXZjQbE1YizPiTInw,40.7488409,-73.9871375,10001,4.5
Bright Movers,7jbn6lr-0eMq7a-foPxeng,40.72459192184996,-73.97467154049251,10009,4.5
mem property management,bNn4eT3nFy9WGdS-W5BPhQ,40.848497,-74.012513,07660,4.0
The Capri,o23aRQ-JzXTW1Y8eUwyIlw,40.84456,-73.910702,10457,5.0
Helmuth Pellegrino Team at The Corcoran Group,oEwSq9yKCFmxL43dkJxC5g,40.72285,-73.99878,10012,5.0
LL Real Estate Services,6stKdSMHGVkD4B10AJ4pBQ,40.70721,-74.01748,10280,5.0
Jeff Putterman - Beaudoin Realty Group,c-ngU4TS62fv9P25Pt8_qA,40.7495201,-73.8877127,11372,5.0
North Queensview Homes,0_7gd_XvWd8XvYQ5XRTryQ,40.7641594,-73.93481,11106,5.0
The Palisades,MfbDDM5irsun1TB0gLFzFQ,40.84765,-73.966198,07024,2.5
51st-52nd St Tenants Corporation,NEfmqQFAU4TaRd5X-RYQjQ,40.7475662231445,-73.9125518798828,11377,1.0
Obsessive Cleaning,DvRfghf-pHOcu6NeSbGjOQ,40.761187,-73.972631,10022,5.0
Marcos+Bruno Tile Replacement,ogUWJL8zR2LCHJhptOY_8w,40.66743469238281,-73.98274993896484,11215,5.0
P W V Management,bS0g8ttI0htOwNQSeWliBQ,40.7946664094925,-73.9662728458643,10025,1.0
Carnegie Management,9ln_jGoCgcu99T2W0o6TpQ,40.7050528,-73.9492603,11206,3.0
Organized by Nina,IQQgZdXoPtERuD1IG6w6ww,40.7141,-74.00949,10007,5.0
Home Solutions,5RNQJes3rOIhtswtM7bEGA,40.792271,-73.966105,10025,5.0
243 West End Owners,iUC2XBiGTxKD9OIgeZl9Sw,40.77938,-73.985107,10023,5.0
Ben Bay Realty Co,weU74MRoEUQes7ZaKqryLQ,40.615812,-74.012516,11228,2.5
Jonathan Caldwell Noh,arKcv9E7TnxeC9G9eQRNJw,40.69468406018,-73.98992140141007,11201,5.0
One William,qybx_m7zuV9tht4189znlQ,40.89416,-73.97791,07631,5.0
The Centria,rTV54luE23p-iWbOYu3ozQ,40.75754,-73.97932,10036,3.0
Astoria at Hallet's Cove,dphYqlntzVtj8brPyMj4kA,40.7675705,-73.9350967,11106,2.5
Arid Basement Waterproofing,BsUsra-r_AqWcB4cipXehw,40.9890116,-74.0959518,07450,5.0
Jonis Realty,TFErYlA5yd5_Mm9pn8BFNg,40.7296454475641,-73.9871156006691,10003,3.5
Quinn Ferree - Compass,ddtlW_JQb4lZlyI_wgfAOg,40.737636,-73.9929658,10011,5.0
American Dream Real Estate,zRXS_8mwQFxUIVyeyO7otg,40.7465886,-73.9002912,11377,1.0
David Wolff - Compass Real Estate,TFQWPvXbF8jZ_cz3q1vkpw,40.678189,-73.944116,11216,1.0
Adam Miller - Compass,1YZFW2NLm3baWBs4eT8FFA,40.736366,-73.993751,10011,5.0
The Van Dorn - WAM Partners,WY1ZUHVuhGEUmuKNC2oICw,40.765511,-73.978508,10019,4.0
Riva Pointe Developement,fCFfOu8QGe8ClCQ3XVC9wQ,40.7582922,-74.0253654,07086,3.5
The Wave,yyArWKy0BfYYk6GDjXg0bw,40.7183991,-73.963233,11249,1.5
SC Management Company,8HFfGoGrBVTocVM9_mN1Vw,40.76337,-73.97451,10019,2.0
Baby Bodyguards,RN4dOq_OiViRlqgm2fvHfQ,40.61681,-73.93217,11234,4.5
Mulberry South,vfT7lfwGb4R0vcwG7YPJpA,40.72509,-73.994415,10012,1.5
LoHo Realty,wA034kkLTuBji5gZSiuzuA,40.713875,-73.980049,10002,4.0
Golden Touch Realty & Management,kxHSBPmduggVkI8wjW2GGQ,40.7466756,-73.8902686,11373,1.5
Naked Apartments,tANtfg_DX8JvUb92xf5qNA,40.7386054796819,-73.991626503305,10011,3.5
Waterside Village,HyJclC7fOx4p_9_6PproaQ,40.8546223,-74.0334507,07643,4.5
Carroll Group Residential,bDKSVTtYhgOH12myD1kUSQ,40.7528266906738,-73.9783096313477,10017,3.5
210-220 East 22nd Street,6mjWTPGE7OdadahwxtRPrg,40.73779800915456,-73.9831407,10010,1.0
River Hill Gardens,jjhv_34nNSOwB9AO6AzC1A,40.85705,-73.91653,10453,4.5
360 West 43rd Street,Aqdvbqgkla7E1lKypudf1A,40.758682,-73.991605,10036,3.0
Dwelling Group Real Estate,DnxNu3Pddh2f33J5p8WLLw,40.63179,-74.0297,11209,1.0
MBD Properties LLC,Y-CGsZnYv-qMF5-F8EZFBg,40.778665,-73.954749,10028,4.5
Emma James,fVml8IZPiZns9KOJ-Fwv4w,40.68025,-73.94463,11216,5.0
Cut The Clutter,VoIN4QUnYz1F5EeIFGtDPw,40.78247,-73.9508,10128,5.0
Larstrand,cTWtkP8UXs0jLAOuIfW1uw,40.7827197299092,-73.980425919848,10024,2.5
Anchor Associates Group,h3bPybkAVOkG_8N54Ci26g,40.7603855732115,-73.96813791748362,10022,4.5
CitiQuiet Soundproof Windows,Bkh7YfNH-Nm2LdEtYW7HhQ,40.7840436287196,-73.9685781603241,11101,4.5
511A Greene Realty,5FkYiOSfxgUdpVXZG4RuZA,40.70669,-73.96064,11211,1.0
Troy Towers,IEjSh-DgKJT5e-WDWGuR1g,40.7903499,-74.19882,07003,2.0
Amighini Architectural,X_jd9FxeXt2jBtiKS9ufHg,40.739915,-74.06085,07306,3.5
Beatriz Vargas- The Corcoran Group,NrjkmuTQ6VXQ7fBXK_oAlw,40.68721,-73.97591,11217,5.0
Argo Residential,cKxzHTQ3zb9ER7Hdodmxeg,40.738739,-73.994763,10011,5.0
Joe Comfort Photography,uXKy_AqQRAKkSwt-VD_uCQ,40.723869,-74.070461,07304,5.0
The Harrison,zlS-ednxkLfuwsnG0849eA,40.7815222593631,-73.9802232035149,10023,1.0
Abacus Properties,COtN1isf8dKXj_qU0KcffA,40.6387684,-73.9725656,11226,4.0
Citizens International Realty,Yn8j22GLXK5IrEDsWyky2g,40.6453,-73.94824,11226,2.5
LevinChang Team - Keller Williams,OvDb10mjQTQbazSyxAQkGQ,40.718074,-74.003486,10013,5.0
Eden Rock Owners,mxNPe5V_pvd2dW_tfeCCBA,40.71336,-73.81638,11435,2.5
Mr. Handy NYC,9npImwO3Q67L-Sq2kToypw,40.7422769,-73.9066801,11377,4.5
Military Park Building,oe5ofETn-H_fyf3STO050w,40.73836,-74.16914,07102,4.0
140 Riverside Boulevard Apartments,WRIzv16hVKyfaAvr8i7tVA,40.7771589,-73.9889543,10069,3.5
Murray Hill Mews,OJSLn5leA0i-Fm9rTJRSIg,40.74826,-73.97669,10016,5.0
Star Cities Management,edMBhlP_LXf4RElNGikKxA,40.7246061,-73.9996645,10012,3.5
Balsam Village,fbrPIbclXuxDmz5wwxJ_bg,40.673969,-73.848709,11417,3.0
Liberty Harbor,l_k9A2OaRY1TuB1bp__7tQ,40.7162192,-74.0470641,07304,3.5
E & Jeryg Management Company,6PJ4gLTXZmrkC84IsVN0Ug,40.64297,-73.97851,11218,1.0
Valet at One Carnegie Hill,TpUWJ1RiDBAwt9epIAdP6Q,40.785185,-73.947418,10128,1.0
The Brownstones at Englewood South,TnhDjfzv0rmAtjiMYvaX3Q,40.8828603,-73.9912177550781,07631,3.5
Tabak Real Estate,twlVMtYWdUI6zn3qQP2ZeQ,40.716308,-74.009941,10013,4.0
Suzanne Remy Colton-Platinum Properties,q0sbKkGYVuOFMew-4nkS_A,40.707095,-74.010088,10005,5.0
Piece of Cake Moving & Storage,N2SYoOuodQ3Oigafe0-GNw,40.7395643,-73.9862545,10010,5.0
Swoon Spaces,ROXHzw_rfG7gkXl9sPUfYw,40.78273,-73.95143,10128,5.0
Cast Iron Lofts,hx4mvEV_iN6d2elC-k3Dzw,40.734613,-74.044656,07310,3.0
Liberty Terrace,zSMrfGp0xtYcXVj0Nkn3_A,40.8313463,-74.0955802,07073,4.0
The Opera Apartments,IjJYoNC6X5Vx1Q6Gn21_Ew,40.7819,-73.98072,10024,4.0
Jonathan Abbou - Village Broker,87BtpajNnUcsNacCgVwqmw,40.735,-74.00648,10014,5.0
Hitchingham Electric,c6AlbaLX9nDjO4giYPfsKg,40.727988,-73.981201,10009,5.0
Wood Flooring Masters,fVbcaUeCMNwtr95UWu25Ow,40.75564,-73.971368,10022,5.0
Tiles Unlimited,VKt-pM6gXubWQiR8PLAaKQ,40.70900565313128,-73.86376641507876,11385,5.0
Third & Valley,cLk-tfQsYHKph-b-6rbixA,40.74334032770745,-74.26137866074608,07079,4.5
Archview Flats,LL0INAQo4G0OaoetrTpfng,40.655214,-74.135523,07002,1.0
The Manor at Totowa,6KphI7oyZjqJPy2uNNUp7Q,40.90203857421875,-74.22195434570312,07512,5.0
Renegade New York,tmzqwXxo0IM6Pp0A6g5Vgg,40.7049499,-73.92847,11237,4.5
Paramount Tower Luxury Apartments - Glenwood,Aag8_w-Es3-IxGhabNNMFA,40.7479362487793,-73.9746932983398,10016,3.0
Susman Realty,Y0NACnoo2T8Y7ebt3Lfr1w,40.81644,-73.91809,10455,2.0
Aleph Living,BWNmQ2jEUFtdj4O1ea5Ogg,40.759624,-73.978733,10111,2.5
Go Green,Nm-0sh-R7tyH1nhli0lHag,40.6859,-73.98172,11217,4.0
The Corcoran Group - Brooklyn Heights,NrT73vec8Ye9lmJrjiq1bg,40.6951099,-73.9911132,11201,4.0
Real Renos,FLCa6ybtXbBMUmP2iCb5GA,40.7501421,-73.9782738,10016,5.0
1st Premier Realty Network,i6WSiB-Tcm8EZwuBSzA0qg,40.623111,-74.031501,11209,3.5
118 Fulton Street,EcX6DZB4LCF90SYgbTYurQ,40.70997,-74.00742,10038,1.0
Habitat,h8srwfFWAWsBWPDh9G-oEg,40.74261,-73.98083,10016,1.5
New City Management,NhnfRh8Mbv5EcH0LJNTSoQ,40.86988,-73.91612,10034,1.0
Landlord Management,LHQtahX2wFNeZpGjZMJfiQ,40.69278,-73.99127,11201,5.0
Delta Properties Usa Incorporated,RdJHbuFH-E8dNSYdCBMOKw,40.63357,-74.08622,10301,4.5
Piere Michel,APr8Ab1UaFmyt9y7zzukAQ,40.7077951,-74.0074731,10038,5.0
Cosmopolitan Condominium,_r3-Tq4R23OlgIlTAuynmA,40.75507,-73.97244,10017,4.0
Saldo Properties,xnMxcNXMqQVG8H4vn-yuOA,40.7704315185547,-73.9528427124023,10021,5.0
River Club at Hudson Park Apartments,18FHmxJZoNJU7ubE64j9eQ,40.937115,-73.902456,10701,3.0
Bridge Suites,YUqLwTj5VzwoNhs4Viq3YQ,40.7604678780427,-73.962062597801,10022,3.5
Faisal Masoud - Highline Residential,5HcDoVm9-04cqe3Ch8AvLg,40.68088,-73.93743,11233,5.0
Riverfront at Cranford Station,H6RD9demyplByHDOUcIcNQ,40.654169,-74.301901,07016,3.5
Peace of Mind Realty,etgUfk3DH8IIyvtPZZelsw,40.68587,-73.92346,11221,5.0
Olympic City Real Estate,oBr7G3zNDoBoBi81JOIv9w,40.742466,-73.918688,11104,3.0
225 Grand,rRYBYUsh5gVZiC6SLoEgtQ,40.7154361143198,-74.0431223967896,07302,3.5
Jonathan Barsness - Interior Painting,HI8hnurK6vrppY3dkozTMw,40.6705627,-73.9861784,11215,5.0
PropertyBook NYC,MwMM0e2P3lHuOWQi7ZjlWg,40.70793,-73.830627,11415,4.5
Sylvia Dimova - The Corcoran Group,ty2rJi_XaPZSJk91cXxMcQ,40.69472,-73.99447,11201,4.5
Fourth Housing Co,PmnNAS8Ue9-bZqtMkZfN_g,40.73404,-73.8075713,11365,4.0
Gotham Properties Real Estate,H-1xVIHCrTvy8UA7_Jw82w,40.6597216713745,-73.9506789999804,11225,5.0
Urban Spaces Realty Group,R_XHwu2hYZ-UVX2F3Rp-Fw,40.6485315,-73.9991747,11232,4.0
Scenic Hill Condominium Association,hybh-D0owarA8iII1VEBnA,40.7607888,-74.2968458,07052,4.0
DoortoDoor Realty,ktploRJgEzYKyX4z8TH3dQ,40.6412199,-74.07604,10301,1.5
Mr Maid NY,allESdiEKnqyBPdzGQzZFg,40.7190963,-73.9561158,11249,4.5
City Apartment Group,g0Rcj56SN1hibqaec5JJrA,40.74595,-73.98287,10016,3.5
Gantry Park Landing,rrebqoV-Psym9wJeFdu2OA,40.743337,-73.9579717,11101,4.0
Chelsea Lane Apartments Management Office,FUhQfsrV48Yfzcj0OwPBGA,40.737642,-73.993685,10011,1.0
Wall 2 Wall NY,XQM5EZcCEiC54421eIG65g,40.7518,-73.98913,10018,4.0
Ny Steamers,tXa0GLNviGFdEruG_ywl1w,40.7637495,-73.9846917,10019,5.0
Century 21,JXwoItr0fXBGc_MNpXfSuA,40.74532,-73.88864,11373,2.5
Avalon Rockville Centre,DOZyfMUUF3qTYwvEqHvC-A,40.659559,-73.650428,11570,3.0
Marine Park Apartments,4iaWuGz_-56NfzdrZjLpiw,40.6080818,-73.9393311,11229,3.0
Jabour Realty Co,sWyMgA5ayKPRpjlOObSAEw,40.622646,-74.031723,11209,4.5
Empire One Realty,6pBYikP_JlVyX0zDtYKEMQ,40.7073195,-73.9627006,11211,4.0
305 East 40 St,sHvJaKT-3e0pPpvaWbUmcg,40.7485902642301,-73.972747,10016,5.0
Linden Hill No 2 Company-Op Corporation,MuA0Lf3S1w3g51lVJZV45Q,40.774659,-73.84317,11354,4.0
Zara Realty,5Eb9r80auZZpOcFMqfgoeg,40.7096923,-73.796265,11432,2.0
Brooklyn Connect,03BG9tOQrEEgQg7pbZn4Jg,40.672951,-73.9536789,11216,3.5
FENWICK KEATS Real Estate,eOen07tnGJWPUHpuPFGjaA,40.7436295,-73.9835739,10016,3.0
Murray Hill Manor,u7EWLFyVqYmxDCQ-V2dPqQ,40.74547,-73.97867,10016,3.0
The Maestro Group,8HhEb5RZHulnZalhqlo7WA,40.79758,-73.93386,10035,1.0
65 Bay Street,HqDAulNn4YvjVfIVqex74g,40.71979,-74.03619,07302,3.0
Flatbush Patio,NO9FsyA-it49Ts2Gk9uZQQ,40.659442,-73.961219,11225,2.5
City Zen Painting,wZeb7bSeoS1c0HIe5-a9mA,40.76615,-73.98749,10019,5.0
Boost Management,HBDcZswkUKOE0UfSgtL11g,40.705372,-73.918458,11237,4.5
